playerID,awardID,yearID,lgID,tie,notes,
starfvi01,MVP,1939,AL,,,
starfvi01,MVP,1940,AL,,,
karithi01,Silver Slugger,1940,AL,,2B,
kawakte01,Silver Slugger,1940,AL,,1B,
kitoka02,Silver Slugger,1940,AL,,OF,
mizuhsh01,Silver Slugger,1940,AL,,3B,
nakajha02,Silver Slugger,1940,AL,,OF,
starfvi01,Silver Slugger,1940,AL,,P,
tanakyo03,Silver Slugger,1940,AL,,C,
uedafu01,Silver Slugger,1940,AL,,SS,
yamadde01,Silver Slugger,1940,AL,,OF,
kawakte01,MVP,1941,AL,,,
mizuhsh01,MVP,1942,AL,,,
gosh01,MVP,1943,AL,,,
wakabta02,MVP,1944,AL,,,
yamamka11,MVP,1946,AL,,,
besshta01,Cy Young Award,1947,AL,,,
wakabta02,MVP,1947,AL,,,
besshta01,Silver Slugger,1947,AL,,P,
chibash01,Silver Slugger,1947,AL,,2B,
doigata01,Silver Slugger,1947,AL,,C,
fujimfu01,Silver Slugger,1947,AL,,3B,
kanedma03,Silver Slugger,1947,AL,,OF,
kawakte01,Silver Slugger,1947,AL,,1B,
oshithi01,Silver Slugger,1947,AL,,OF,
sugiuki01,Silver Slugger,1947,AL,,SS,
tsubomi01,Silver Slugger,1947,AL,,OF,
nakaohi02,Cy Young Award,1948,AL,,,
yamamka11,MVP,1948,AL,,,
aotano01,Silver Slugger,1948,AL,,OF,
besshta01,Silver Slugger,1948,AL,,P,
bettoka01,Silver Slugger,1948,AL,,OF,
chibash01,Silver Slugger,1948,AL,,2B,
doigata01,Silver Slugger,1948,AL,,C,
fujimfu01,Silver Slugger,1948,AL,,3B,
kawakte01,Silver Slugger,1948,AL,,1B,
kizukta01,Silver Slugger,1948,AL,,SS,
nakaohi02,Silver Slugger,1948,AL,,P,
sanadju01,Silver Slugger,1948,AL,,P,
tsubomi01,Silver Slugger,1948,AL,,OF,
fujimhi02,Cy Young Award,1949,AL,,,
fujimfu01,MVP,1949,AL,,,
bettoka01,Silver Slugger,1949,AL,,OF,
chibash01,Silver Slugger,1949,AL,,2B,
doigata01,Silver Slugger,1949,AL,,C,
fujimfu01,Silver Slugger,1949,AL,,3B,
fujimhi02,Silver Slugger,1949,AL,,P,
kawakte01,Silver Slugger,1949,AL,,1B,
kizukta01,Silver Slugger,1949,AL,,SS,
kozurma01,Silver Slugger,1949,AL,,OF,
oshithi01,Silver Slugger,1949,AL,,OF,
sanadju01,Cy Young Award,1950,AL,,,
bettoka01,MVP,1950,NL,,,
kozurma01,MVP,1950,AL,,,
aramaat01,Rookie of the Year,1950,NL,,,
oshimno01,Rookie of the Year,1950,AL,,,
aotano01,Silver Slugger,1950,AL,,OF,
arakash02,Silver Slugger,1950,AL,,C,
aramaat01,Silver Slugger,1950,NL,,P,
bettoka01,Silver Slugger,1950,NL,,OF,
chibash01,Silver Slugger,1950,AL,,2B,
doigata01,Silver Slugger,1950,NL,,C,
fujimfu01,Silver Slugger,1950,AL,,3B,
hondoya01,Silver Slugger,1950,NL,,2B,
iidato01,Silver Slugger,1950,NL,,1B,
iijimsh01,Silver Slugger,1950,NL,,1B,
iwamoyo02,Silver Slugger,1950,AL,,OF,
kizukta01,Silver Slugger,1950,NL,,SS,
kozurma01,Silver Slugger,1950,AL,,OF,
nakatju01,Silver Slugger,1950,NL,,3B,
nishimi07,Silver Slugger,1950,AL,,1B,
oshithi01,Silver Slugger,1950,NL,,OF,
sanadju01,Silver Slugger,1950,AL,,P,
shiraka03,Silver Slugger,1950,AL,,SS,
sugissh01,Cy Young Award,1951,AL,,,
kawakte01,MVP,1951,AL,,,
yamamka11,MVP,1951,NL,,,
kageyka01,Rookie of the Year,1951,NL,,,
matsuki03,Rookie of the Year,1951,AL,,,
aotano01,Silver Slugger,1951,AL,,OF,
besshta01,Silver Slugger,1951,AL,,P,
bettoka01,Silver Slugger,1951,NL,,OF,
chibash01,Silver Slugger,1951,AL,,2B,
doigata01,Silver Slugger,1951,NL,,C,
etoha01,Silver Slugger,1951,NL,,P,
fujimfu01,Silver Slugger,1951,AL,,3B,
hiraisa01,Silver Slugger,1951,AL,,SS,
iidato01,Silver Slugger,1951,NL,,1B,
iijimsh01,Silver Slugger,1951,NL,,OF,
iwamoyo02,Silver Slugger,1951,AL,,OF,
kageyka01,Silver Slugger,1951,NL,,3B,
kanedma03,Silver Slugger,1951,AL,,OF,
kawakte01,Silver Slugger,1951,AL,,1B,
kizukta01,Silver Slugger,1951,NL,,SS,
nogucak01,Silver Slugger,1951,AL,,C,
oshithi01,Silver Slugger,1951,NL,,OF,
yamamka11,Silver Slugger,1951,NL,,2B,
sugissh01,Cy Young Award,1952,AL,,,
besshta01,MVP,1952,AL,,,
yukisu01,MVP,1952,NL,,,
nakanfu01,Rookie of the Year,1952,NL,,,
satota07,Rookie of the Year,1952,AL,,,
besshta01,Silver Slugger,1952,AL,,P,
bettoka01,Silver Slugger,1952,NL,,OF,
chibash01,Silver Slugger,1952,AL,,2B,
doigata01,Silver Slugger,1952,NL,,C,
fujimfu01,Silver Slugger,1952,AL,,3B,
hiraisa01,Silver Slugger,1952,AL,,SS,
iidato01,Silver Slugger,1952,NL,,1B,
iijimsh01,Silver Slugger,1952,NL,,OF,
kageyka01,Silver Slugger,1952,NL,,3B,
kizukta01,Silver Slugger,1952,NL,,SS,
minamyu01,Silver Slugger,1952,AL,,OF,
nishimi07,Silver Slugger,1952,AL,,1B,
nogucak01,Silver Slugger,1952,AL,,C,
okamois01,Silver Slugger,1952,NL,,2B,
oshithi01,Silver Slugger,1952,NL,,OF,
sugiysa01,Silver Slugger,1952,AL,,OF,
yonamka01,Silver Slugger,1952,AL,,OF,
yukisu01,Silver Slugger,1952,NL,,P,
otomoko01,Cy Young Award,1953,AL,,,
okamois01,MVP,1953,NL,,,
otomoko01,MVP,1953,AL,,,
gondoma01,Rookie of the Year,1953,AL,,,
toyodya01,Rookie of the Year,1953,NL,,,
bettoka01,Silver Slugger,1953,NL,,OF,
chibash01,Silver Slugger,1953,AL,,2B,
hiraisa01,Silver Slugger,1953,AL,,SS,
hirotju01,Silver Slugger,1953,AL,,C,
horiika02,Silver Slugger,1953,NL,,OF,
iidato01,Silver Slugger,1953,NL,,1B,
kanedma03,Silver Slugger,1953,AL,,OF,
kawakte01,Silver Slugger,1953,AL,,1B,
kawasto02,Silver Slugger,1953,NL,,P,
kizukta01,Silver Slugger,1953,NL,,SS,
matsuat01,Silver Slugger,1953,NL,,C,
minamyu01,Silver Slugger,1953,AL,,OF,
nakanfu01,Silver Slugger,1953,NL,,3B,
okamois01,Silver Slugger,1953,NL,,2B,
oshithi01,Silver Slugger,1953,NL,,1B,
otomoko01,Silver Slugger,1953,AL,,P,
yogish01,Silver Slugger,1953,AL,,3B,
yonamka01,Silver Slugger,1953,AL,,OF,
sugissh01,Cy Young Award,1954,AL,,,
oshithi01,MVP,1954,NL,,,
sugissh01,MVP,1954,AL,,,
hiroota02,Rookie of the Year,1954,AL,,,
takuwmo01,Rookie of the Year,1954,NL,,,
hakodju01,Silver Slugger,1954,AL,,2B,
hiroota02,Silver Slugger,1954,AL,,SS,
hirotju01,Silver Slugger,1954,AL,,C,
kawaiko01,Silver Slugger,1954,NL,,1B,
lewisch01,Silver Slugger,1954,NL,,C,
morisno01,Silver Slugger,1954,NL,,2B,
nakanfu01,Silver Slugger,1954,NL,,3B,
nishimi07,Silver Slugger,1954,AL,,1B,
nishisa03,Silver Slugger,1954,NL,,P,
oshithi01,Silver Slugger,1954,NL,,OF,
rainela01,Silver Slugger,1954,NL,,SS,
sekigse01,Silver Slugger,1954,NL,,OF,
sugissh01,Silver Slugger,1954,AL,,P,
sugiysa01,Silver Slugger,1954,AL,,OF,
unomi01,Silver Slugger,1954,AL,,3B,
watanhi09,Silver Slugger,1954,AL,,OF,
yamauka02,Silver Slugger,1954,NL,,OF,
yonamka01,Silver Slugger,1954,AL,,OF,
besshta01,Cy Young Award,1955,AL,,,
iidato01,MVP,1955,NL,,,
kawakte01,MVP,1955,AL,,,
enomoki01,Rookie of the Year,1955,NL,,,
nishika06,Rookie of the Year,1955,AL,,,
besshta01,Silver Slugger,1955,AL,,P,
hirotju01,Silver Slugger,1955,AL,,C,
iidato01,Silver Slugger,1955,NL,,OF,
inoeno01,Silver Slugger,1955,AL,,2B,
kawakte01,Silver Slugger,1955,AL,,1B,
kizukta01,Silver Slugger,1955,NL,,SS,
kodamri01,Silver Slugger,1955,AL,,3B,
lewisch01,Silver Slugger,1955,NL,,C,
machiyu01,Silver Slugger,1955,AL,,OF,
nakamta06,Silver Slugger,1955,NL,,P,
nakanfu01,Silver Slugger,1955,NL,,3B,
okamois01,Silver Slugger,1955,NL,,2B,
sugiyko02,Silver Slugger,1955,NL,,1B,
tokurka01,Silver Slugger,1955,NL,,OF,
watanhi09,Silver Slugger,1955,AL,,OF,
yamauka02,Silver Slugger,1955,NL,,OF,
yonamka01,Silver Slugger,1955,AL,,OF,
yoshiyo03,Silver Slugger,1955,AL,,SS,
kanedma02,Cy Young Award,1956,AL,,,
besshta01,MVP,1956,AL,,,
nakanfu01,MVP,1956,NL,,,
akiyano01,Rookie of the Year,1956,AL,,,
inaoka01,Rookie of the Year,1956,NL,,,
aotano01,Silver Slugger,1956,AL,,OF,
besshta01,Silver Slugger,1956,AL,,P,
enomoki01,Silver Slugger,1956,NL,,1B,
fujiosh01,Silver Slugger,1956,AL,,C,
inoeno01,Silver Slugger,1956,AL,,2B,
kajimta02,Silver Slugger,1956,NL,,P,
kawakte01,Silver Slugger,1956,AL,,1B,
kodamri01,Silver Slugger,1956,AL,,3B,
nakanfu01,Silver Slugger,1956,NL,,3B,
nomurka03,Silver Slugger,1956,NL,,C,
sasaksh03,Silver Slugger,1956,NL,,2B,
sugiyko02,Silver Slugger,1956,NL,,OF,
tamiyke01,Silver Slugger,1956,AL,,OF,
tokurka01,Silver Slugger,1956,NL,,OF,
toyodya01,Silver Slugger,1956,NL,,SS,
yamauka02,Silver Slugger,1956,NL,,OF,
yonamka01,Silver Slugger,1956,AL,,OF,
yoshiyo03,Silver Slugger,1956,AL,,SS,
kanedma02,Cy Young Award,1957,AL,,,
inaoka01,MVP,1957,NL,,,
yonamka01,MVP,1957,AL,,,
fujitmo01,Rookie of the Year,1957,AL,,,
kimurta05,Rookie of the Year,1957,NL,,,
aotano01,Silver Slugger,1957,AL,,OF,
busujsh01,Silver Slugger,1957,NL,,OF,
fujiosh01,Silver Slugger,1957,AL,,C,
inaoka01,Silver Slugger,1957,NL,,P,
inoeno01,Silver Slugger,1957,AL,,2B,
kanedma02,Silver Slugger,1957,AL,,P,
kawakte01,Silver Slugger,1957,AL,,1B,
miyakno02,Silver Slugger,1957,AL,,3B,
nakanfu01,Silver Slugger,1957,NL,,3B,
nomurka03,Silver Slugger,1957,NL,,C,
okamois01,Silver Slugger,1957,NL,,2B,
okamoke04,Silver Slugger,1957,NL,,1B,
oshithi01,Silver Slugger,1957,NL,,OF,
tamiyke01,Silver Slugger,1957,AL,,OF,
toyodya01,Silver Slugger,1957,NL,,SS,
yamauka02,Silver Slugger,1957,NL,,OF,
yonamka01,Silver Slugger,1957,AL,,OF,
yoshiyo03,Silver Slugger,1957,AL,,SS,
kanedma02,Cy Young Award,1958,AL,,,
fujitmo01,MVP,1958,AL,,,
inaoka01,MVP,1958,NL,,,
nagassh02,Rookie of the Year,1958,AL,,,
sugiuta01,Rookie of the Year,1958,NL,,,
barboch01,Silver Slugger,1958,NL,,2B,
busujsh01,Silver Slugger,1958,NL,,OF,
fujiosh01,Silver Slugger,1958,AL,,C,
inaoka01,Silver Slugger,1958,NL,,P,
inoeno01,Silver Slugger,1958,AL,,2B,
kanedma02,Silver Slugger,1958,AL,,P,
katsuta01,Silver Slugger,1958,NL,,SS,
kawakte01,Silver Slugger,1958,AL,,1B,
morito02,Silver Slugger,1958,AL,,OF,
nagassh02,Silver Slugger,1958,AL,,3B,
nakanfu01,Silver Slugger,1958,NL,,3B,
nomurka03,Silver Slugger,1958,NL,,C,
sekigse01,Silver Slugger,1958,NL,,OF,
sugiyko02,Silver Slugger,1958,NL,,OF,
sutanha01,Silver Slugger,1958,NL,,1B,
tamiyke01,Silver Slugger,1958,AL,,OF,
yonamka01,Silver Slugger,1958,AL,,OF,
yoshiyo03,Silver Slugger,1958,AL,,SS,
muraymi01,Cy Young Award,1959,AL,,,
fujitmo01,MVP,1959,AL,,,
sugiuta01,MVP,1959,NL,,,
harimis01,Rookie of the Year,1959,NL,,,
kuwatta01,Rookie of the Year,1959,AL,,,
enomoki01,Silver Slugger,1959,NL,,1B,
fujimka02,Silver Slugger,1959,AL,,1B,
fujiosh01,Silver Slugger,1959,AL,,OF,
fujitmo01,Silver Slugger,1959,AL,,P,
katsuta01,Silver Slugger,1959,NL,,3B,
morito02,Silver Slugger,1959,AL,,OF,
nagassh02,Silver Slugger,1959,AL,,3B,
nomurka03,Silver Slugger,1959,NL,,C,
okamois01,Silver Slugger,1959,NL,,2B,
owadaak01,Silver Slugger,1959,AL,,OF,
sakazka01,Silver Slugger,1959,AL,,OF,
sugiuta01,Silver Slugger,1959,NL,,P,
sugiyko02,Silver Slugger,1959,NL,,OF,
takakte01,Silver Slugger,1959,NL,,OF,
toyodya01,Silver Slugger,1959,NL,,SS,
tsuchma03,Silver Slugger,1959,AL,,2B,
yamauka02,Silver Slugger,1959,NL,,OF,
yoshiyo03,Silver Slugger,1959,AL,,SS,
horimri01,Cy Young Award,1960,AL,,,
akiyano01,MVP,1960,AL,,,
yamauka02,MVP,1960,NL,,,
horimri01,Rookie of the Year,1960,AL,,,
akiyano01,Silver Slugger,1960,AL,,P,
doiki01,Silver Slugger,1960,AL,,C,
enomoki01,Silver Slugger,1960,NL,,1B,
harimis01,Silver Slugger,1960,NL,,OF,
inoeno01,Silver Slugger,1960,AL,,2B,
kodamak01,Silver Slugger,1960,NL,,3B,
kondoka02,Silver Slugger,1960,AL,,1B,
morito02,Silver Slugger,1960,AL,,OF,
nagassh02,Silver Slugger,1960,AL,,3B,
nakato01,Silver Slugger,1960,AL,,OF,
namikte01,Silver Slugger,1960,AL,,OF,
nomurka03,Silver Slugger,1960,NL,,C,
ogiak01,Silver Slugger,1960,NL,,2B,
onosh02,Silver Slugger,1960,NL,,P,
tamiyke01,Silver Slugger,1960,NL,,OF,
toyodya01,Silver Slugger,1960,NL,,SS,
yamauka02,Silver Slugger,1960,NL,,OF,
yoshiyo03,Silver Slugger,1960,AL,,SS,
gondohi01,Cy Young Award,1961,AL,,,
nagassh02,MVP,1961,AL,,,
nomurka03,MVP,1961,NL,,,
gondohi01,Rookie of the Year,1961,AL,,,
tokuhto01,Rookie of the Year,1961,NL,,,
enomoki01,Silver Slugger,1961,NL,,1B,
etosh02,Silver Slugger,1961,AL,,OF,
fujimka02,Silver Slugger,1961,AL,,1B,
gondohi01,Silver Slugger,1961,AL,,P,
harimis01,Silver Slugger,1961,NL,,OF,
inaoka01,Silver Slugger,1961,NL,,P,
kondoka02,Silver Slugger,1961,AL,,OF,
konoak01,Silver Slugger,1961,AL,,SS,
morima01,Silver Slugger,1961,AL,,C,
morinka01,Silver Slugger,1961,AL,,OF,
morisno01,Silver Slugger,1961,NL,,2B,
nagassh02,Silver Slugger,1961,AL,,3B,
nakanfu01,Silver Slugger,1961,NL,,1B,
nomurka03,Silver Slugger,1961,NL,,C,
tamiyke01,Silver Slugger,1961,NL,,OF,
toyodya01,Silver Slugger,1961,NL,,SS,
tsuchma03,Silver Slugger,1961,AL,,2B,
yamauka02,Silver Slugger,1961,NL,,OF,
koyamma02,Cy Young Award,1962,AL,,,
harimis01,MVP,1962,NL,,,
muraymi01,MVP,1962,AL,,,
jonocku01,Rookie of the Year,1962,AL,,,
ozakiyu01,Rookie of the Year,1962,NL,,,
bloomja01,Silver Slugger,1962,NL,,2B,
enomoki01,Silver Slugger,1962,NL,,1B,
harimis01,Silver Slugger,1962,NL,,OF,
inaoka01,Silver Slugger,1962,NL,,P,
kodamak01,Silver Slugger,1962,NL,,3B,
kondoka02,Silver Slugger,1962,AL,,OF,
kosakyo01,Silver Slugger,1962,AL,,2B,
morima01,Silver Slugger,1962,AL,,C,
morinka01,Silver Slugger,1962,AL,,OF,
muraymi01,Silver Slugger,1962,AL,,P,
nagassh02,Silver Slugger,1962,AL,,3B,
namikte01,Silver Slugger,1962,AL,,OF,
nomurka03,Silver Slugger,1962,NL,,C,
ohsa01,Silver Slugger,1962,AL,,1B,
toyodya01,Silver Slugger,1962,NL,,SS,
yamauka02,Silver Slugger,1962,NL,,OF,
yoshika08,Silver Slugger,1962,NL,,OF,
yoshiyo03,Silver Slugger,1962,AL,,SS,
itoyo02,Cy Young Award,1963,AL,,,
nagassh02,MVP,1963,AL,,,
nomurka03,MVP,1963,NL,,,
bloomja01,Silver Slugger,1963,NL,,1B,
enomoki01,Silver Slugger,1963,NL,,1B,
etosh02,Silver Slugger,1963,AL,,OF,
fujiiei01,Silver Slugger,1963,AL,,OF,
harimis01,Silver Slugger,1963,NL,,OF,
hirosyo02,Silver Slugger,1963,NL,,OF,
inaoka01,Silver Slugger,1963,NL,,P,
kanedma02,Silver Slugger,1963,AL,,P,
kobata01,Silver Slugger,1963,AL,,SS,
kodamak01,Silver Slugger,1963,NL,,3B,
koikeke01,Silver Slugger,1963,NL,,SS,
kondoka02,Silver Slugger,1963,AL,,OF,
morima01,Silver Slugger,1963,AL,,C,
nagassh02,Silver Slugger,1963,AL,,3B,
nomurka03,Silver Slugger,1963,NL,,C,
ohsa01,Silver Slugger,1963,AL,,1B,
takagmo01,Silver Slugger,1963,AL,,2B,
yamauka02,Silver Slugger,1963,NL,,OF,
bacquge01,Cy Young Award,1964,AL,,,
ohsa01,MVP,1964,AL,,,
stankjo01,MVP,1964,NL,,,
takahsh04,Rookie of the Year,1964,AL,,,
bacquge01,Silver Slugger,1964,AL,,P,
enomoki01,Silver Slugger,1964,NL,,1B,
etosh02,Silver Slugger,1964,AL,,OF,
harimis01,Silver Slugger,1964,NL,,OF,
hirosyo02,Silver Slugger,1964,NL,,OF,
kodamak01,Silver Slugger,1964,NL,,3B,
koikeke01,Silver Slugger,1964,NL,,SS,
kondoka02,Silver Slugger,1964,AL,,1B,
morima01,Silver Slugger,1964,AL,,C,
nagassh02,Silver Slugger,1964,AL,,3B,
nomurka03,Silver Slugger,1964,NL,,C,
ohsa01,Silver Slugger,1964,AL,,1B,
shigesh02,Silver Slugger,1964,AL,,OF,
spencda01,Silver Slugger,1964,NL,,2B,
stankjo01,Silver Slugger,1964,NL,,P,
takagmo01,Silver Slugger,1964,AL,,2B,
takakte01,Silver Slugger,1964,NL,,OF,
yoshiyo03,Silver Slugger,1964,AL,,SS,
muraymi01,Cy Young Award,1965,AL,,,
nomurka03,MVP,1965,NL,,,
ohsa01,MVP,1965,AL,,,
ikenama01,Rookie of the Year,1965,NL,,,
etosh02,Silver Slugger,1965,AL,,OF,
harimis01,Silver Slugger,1965,NL,,OF,
hirosyo02,Silver Slugger,1965,NL,,OF,
horigmo01,Silver Slugger,1965,NL,,OF,
kodamak01,Silver Slugger,1965,NL,,3B,
koikeke01,Silver Slugger,1965,NL,,SS,
kondoka02,Silver Slugger,1965,AL,,OF,
morima01,Silver Slugger,1965,AL,,C,
muraymi01,Silver Slugger,1965,AL,,P,
nagassh02,Silver Slugger,1965,AL,,3B,
nakato01,Silver Slugger,1965,AL,,OF,
nomurka03,Silver Slugger,1965,NL,,C,
ohsa01,Silver Slugger,1965,AL,,1B,
ozakiyu01,Silver Slugger,1965,NL,,P,
spencda01,Silver Slugger,1965,NL,,2B,
takagmo01,Silver Slugger,1965,AL,,2B,
takagta03,Silver Slugger,1965,NL,,1B,
yoshiyo03,Silver Slugger,1965,AL,,SS,
horiuts01,Cy Young Award,1966,AL,,,
muraymi01,Cy Young Award,1966,AL,,,
nagassh02,MVP,1966,AL,,,
nomurka03,MVP,1966,NL,,,
horiuts01,Rookie of the Year,1966,AL,,,
busujsh01,Silver Slugger,1966,NL,,OF,
enomoki01,Silver Slugger,1966,NL,,1B,
etosh02,Silver Slugger,1966,AL,,OF,
harimis01,Silver Slugger,1966,NL,,OF,
ichiesh01,Silver Slugger,1966,AL,,SS,
koikeke01,Silver Slugger,1966,NL,,SS,
kunisya01,Silver Slugger,1966,NL,,3B,
morima01,Silver Slugger,1966,AL,,C,
muraymi01,Silver Slugger,1966,AL,,P,
nagassh02,Silver Slugger,1966,AL,,3B,
nakato01,Silver Slugger,1966,AL,,OF,
nomurka03,Silver Slugger,1966,NL,,C,
ohsa01,Silver Slugger,1966,AL,,1B,
roigto01,Silver Slugger,1966,NL,,3B,
takagmo01,Silver Slugger,1966,AL,,2B,
takakte01,Silver Slugger,1966,NL,,OF,
tanakts01,Silver Slugger,1966,NL,,P,
yamamka08,Silver Slugger,1966,AL,,OF,
ogawake01,Cy Young Award,1967,AL,,,
adachmi01,MVP,1967,NL,,,
ohsa01,MVP,1967,AL,,,
takahyo03,Rookie of the Year,1967,NL,,,
takegsh01,Rookie of the Year,1967,AL,,,
adachmi01,Silver Slugger,1967,NL,,P,
blasido01,Silver Slugger,1967,NL,,2B,
doima03,Silver Slugger,1967,NL,,OF,
fujitta03,Silver Slugger,1967,AL,,SS,
harimis01,Silver Slugger,1967,NL,,OF,
kondoka02,Silver Slugger,1967,AL,,OF,
morima01,Silver Slugger,1967,AL,,C,
morimki01,Silver Slugger,1967,NL,,3B,
nagaito02,Silver Slugger,1967,NL,,OF,
nagassh02,Silver Slugger,1967,AL,,3B,
nakato01,Silver Slugger,1967,AL,,OF,
nomurka03,Silver Slugger,1967,NL,,C,
ogawake01,Silver Slugger,1967,AL,,P,
ohsa01,Silver Slugger,1967,AL,,1B,
oshitts01,Silver Slugger,1967,NL,,SS,
osugika01,Silver Slugger,1967,NL,,1B,
shibais01,Silver Slugger,1967,AL,,OF,
takagmo01,Silver Slugger,1967,AL,,2B,
enatsyu01,Cy Young Award,1968,AL,,,
nagassh02,MVP,1968,AL,,,
yonedte01,MVP,1968,NL,,,
takadsh01,Rookie of the Year,1968,AL,,,
altmage01,Silver Slugger,1968,NL,,OF,
blasido01,Silver Slugger,1968,NL,,2B,
doima03,Silver Slugger,1968,NL,,OF,
doish01,Silver Slugger,1968,AL,,2B,
enatsyu01,Silver Slugger,1968,AL,,P,
enomoki01,Silver Slugger,1968,NL,,1B,
etosh02,Silver Slugger,1968,AL,,OF,
harimis01,Silver Slugger,1968,NL,,OF,
kunisya01,Silver Slugger,1968,NL,,3B,
kuroeyu01,Silver Slugger,1968,AL,,SS,
minagmu01,Silver Slugger,1968,NL,,P,
morima01,Silver Slugger,1968,AL,,C,
nagassh02,Silver Slugger,1968,AL,,3B,
nomurka03,Silver Slugger,1968,NL,,C,
ohsa01,Silver Slugger,1968,AL,,1B,
roberda01,Silver Slugger,1968,AL,,OF,
sakamto01,Silver Slugger,1968,NL,,SS,
yamauka02,Silver Slugger,1968,AL,,OF,
takahka05,Cy Young Award,1969,AL,,,
nagaito02,MVP,1969,NL,,,
ohsa01,MVP,1969,AL,,,
aritomi01,Rookie of the Year,1969,NL,,,
tabucko01,Rookie of the Year,1969,AL,,,
aritomi01,Silver Slugger,1969,NL,,3B,
doish01,Silver Slugger,1969,AL,,2B,
fujitta03,Silver Slugger,1969,AL,,SS,
harimis01,Silver Slugger,1969,NL,,OF,
kimatta01,Silver Slugger,1969,AL,,C,
nagabyo01,Silver Slugger,1969,NL,,OF,
nagaito02,Silver Slugger,1969,NL,,OF,
nagassh02,Silver Slugger,1969,AL,,3B,
ohsa01,Silver Slugger,1969,AL,,1B,
okamuko01,Silver Slugger,1969,NL,,C,
osugika01,Silver Slugger,1969,NL,,1B,
roberda01,Silver Slugger,1969,AL,,OF,
sakamto01,Silver Slugger,1969,NL,,SS,
suzukke05,Silver Slugger,1969,NL,,P,
takadsh01,Silver Slugger,1969,AL,,OF,
takahka05,Silver Slugger,1969,AL,,P,
yamamka08,Silver Slugger,1969,AL,,OF,
yamazhi01,Silver Slugger,1969,NL,,2B,
hiramma02,Cy Young Award,1970,AL,,,
kitarma01,MVP,1970,NL,,,
ohsa01,MVP,1970,AL,,,
satomi02,Rookie of the Year,1970,NL,,,
yazawke01,Rookie of the Year,1970,AL,,,
altmage01,Silver Slugger,1970,NL,,OF,
andomo02,Silver Slugger,1970,AL,,2B,
aritomi01,Silver Slugger,1970,NL,,3B,
ejiriak01,Silver Slugger,1970,AL,,OF,
fujitta03,Silver Slugger,1970,AL,,SS,
harimis01,Silver Slugger,1970,NL,,OF,
hiramma02,Silver Slugger,1970,AL,,P,
kimatta01,Silver Slugger,1970,AL,,C,
kitarma01,Silver Slugger,1970,NL,,P,
nagaito02,Silver Slugger,1970,NL,,OF,
nagassh02,Silver Slugger,1970,AL,,3B,
nakato01,Silver Slugger,1970,AL,,OF,
nomurka03,Silver Slugger,1970,NL,,C,
ohsa01,Silver Slugger,1970,AL,,1B,
osugika01,Silver Slugger,1970,NL,,1B,
sakamto01,Silver Slugger,1970,NL,,SS,
takadsh01,Silver Slugger,1970,AL,,OF,
yamazhi01,Silver Slugger,1970,NL,,2B,
nagaito02,MVP,1971,NL,,,
nagassh02,MVP,1971,AL,,,
minagya01,Rookie of the Year,1971,NL,,,
sekimmi01,Rookie of the Year,1971,AL,,,
altmage01,Silver Slugger,1971,NL,,OF,
aritomi01,Silver Slugger,1971,NL,,3B,
fujitta03,Silver Slugger,1971,AL,,SS,
hiramma02,Silver Slugger,1971,AL,,P,
kadothi01,Silver Slugger,1971,NL,,OF,
kimatta01,Silver Slugger,1971,AL,,C,
kunisya01,Silver Slugger,1971,AL,,2B,
mizutji01,Silver Slugger,1971,AL,,OF,
nagaito02,Silver Slugger,1971,NL,,OF,
nagassh02,Silver Slugger,1971,AL,,3B,
nomurka03,Silver Slugger,1971,NL,,C,
ohsa01,Silver Slugger,1971,AL,,1B,
osugika01,Silver Slugger,1971,NL,,1B,
sakamto01,Silver Slugger,1971,NL,,SS,
shibais01,Silver Slugger,1971,AL,,OF,
takadsh01,Silver Slugger,1971,AL,,OF,
yamadhi03,Silver Slugger,1971,NL,,P,
yamazhi01,Silver Slugger,1971,NL,,2B,
horiuts01,Cy Young Award,1972,AL,,,
fukumyu02,MVP,1972,NL,,,
horiuts01,MVP,1972,AL,,,
katoha01,Rookie of the Year,1972,NL,,,
yasudta02,Rookie of the Year,1972,AL,,,
aritomi01,Silver Slugger,1972,NL,,3B,
fukumyu02,Silver Slugger,1972,NL,,OF,
harimis01,Silver Slugger,1972,NL,,OF,
horiuts01,Silver Slugger,1972,AL,,P,
mimurto01,Silver Slugger,1972,AL,,SS,
motoimi01,Silver Slugger,1972,NL,,2B,
nagaito02,Silver Slugger,1972,NL,,OF,
nagassh02,Silver Slugger,1972,AL,,3B,
nomurka03,Silver Slugger,1972,NL,,C,
ohashyu01,Silver Slugger,1972,NL,,SS,
ohsa01,Silver Slugger,1972,AL,,1B,
osugika01,Silver Slugger,1972,NL,,1B,
shibais01,Silver Slugger,1972,AL,,OF,
sipinjo01,Silver Slugger,1972,AL,,2B,
tabucko01,Silver Slugger,1972,AL,,C,
takadsh01,Silver Slugger,1972,AL,,OF,
wakamts01,Silver Slugger,1972,AL,,OF,
yamadhi03,Silver Slugger,1972,NL,,P,
takahka05,Cy Young Award,1973,AL,,,
nomurka03,MVP,1973,NL,,,
ohsa01,MVP,1973,AL,,,
niimisa01,Rookie of the Year,1973,NL,,,
aritomi01,Silver Slugger,1973,NL,,3B,
ejiriak01,Silver Slugger,1973,AL,,OF,
fujitta03,Silver Slugger,1973,AL,,SS,
fukumyu02,Silver Slugger,1973,NL,,OF,
harimis01,Silver Slugger,1973,NL,,OF,
katohi05,Silver Slugger,1973,NL,,1B,
nagaito02,Silver Slugger,1973,NL,,OF,
nagassh02,Silver Slugger,1973,AL,,3B,
naritfu01,Silver Slugger,1973,NL,,P,
nomurka03,Silver Slugger,1973,NL,,C,
ohashyu01,Silver Slugger,1973,NL,,SS,
ohsa01,Silver Slugger,1973,AL,,1B,
sakurte01,Silver Slugger,1973,NL,,2B,
shibais01,Silver Slugger,1973,AL,,OF,
sipinjo01,Silver Slugger,1973,AL,,2B,
tabucko01,Silver Slugger,1973,AL,,C,
takahka05,Silver Slugger,1973,AL,,P,
wakamts01,Silver Slugger,1973,AL,,OF,
hoshise01,Cy Young Award,1974,AL,,,
kanedto01,MVP,1974,NL,,,
ohsa01,MVP,1974,AL,,,
fujinyu01,Rookie of the Year,1974,AL,,,
mitsuma02,Rookie of the Year,1974,NL,,,
aritomi01,Silver Slugger,1974,NL,,3B,
bufordo01,Silver Slugger,1974,NL,,3B,
fujitta03,Silver Slugger,1974,AL,,SS,
fukumyu02,Silver Slugger,1974,NL,,OF,
harimis01,Silver Slugger,1974,NL,,OF,
horiuts01,Silver Slugger,1974,AL,,P,
jonescl01,Silver Slugger,1974,NL,,1B,
kanedto01,Silver Slugger,1974,NL,,P,
martige01,Silver Slugger,1974,AL,,OF,
murakki01,Silver Slugger,1974,NL,,C,
nagassh02,Silver Slugger,1974,AL,,3B,
ohashyu01,Silver Slugger,1974,NL,,SS,
ohsa01,Silver Slugger,1974,AL,,1B,
suetsto01,Silver Slugger,1974,AL,,OF,
tabucko01,Silver Slugger,1974,AL,,C,
takagmo01,Silver Slugger,1974,AL,,2B,
wakamts01,Silver Slugger,1974,AL,,OF,
yamazhi01,Silver Slugger,1974,NL,,2B,
sotokyo01,Cy Young Award,1975,AL,,,
katohi05,MVP,1975,NL,,,
yamamko05,MVP,1975,AL,,,
yamagta02,Rookie of the Year,1975,NL,,,
aritomi01,Silver Slugger,1975,NL,,3B,
hakuji01,Silver Slugger,1975,NL,,OF,
hirotsu01,Silver Slugger,1975,NL,,OF,
inoehi01,Silver Slugger,1975,AL,,OF,
katohi05,Silver Slugger,1975,NL,,1B,
kinugsa01,Silver Slugger,1975,AL,,3B,
marcabo01,Silver Slugger,1975,NL,,2B,
mimurto01,Silver Slugger,1975,AL,,SS,
nagaito02,Silver Slugger,1975,NL,,OF,
nomurka03,Silver Slugger,1975,NL,,C,
ohashyu01,Silver Slugger,1975,NL,,SS,
ohsa01,Silver Slugger,1975,AL,,1B,
oshitts01,Silver Slugger,1975,AL,,2B,
repozro01,Silver Slugger,1975,AL,,OF,
sasakky01,Silver Slugger,1975,NL,,OF,
sotokyo01,Silver Slugger,1975,AL,,P,
suzukke05,Silver Slugger,1975,NL,,P,
tabucko01,Silver Slugger,1975,AL,,C,
yamamko05,Silver Slugger,1975,AL,,OF,
ikegako01,Cy Young Award,1976,AL,,,
ohsa01,MVP,1976,AL,,,
yamadhi03,MVP,1976,NL,,,
fujitma01,Rookie of the Year,1976,NL,,,
taoya01,Rookie of the Year,1976,AL,,,
fujiwmi01,Silver Slugger,1976,NL,,3B,
fukumyu02,Silver Slugger,1976,NL,,OF,
harimis01,Silver Slugger,1976,AL,,OF,
hirotsu01,Silver Slugger,1976,NL,,OF,
ikegako01,Silver Slugger,1976,AL,,P,
johnsda02,Silver Slugger,1976,AL,,2B,
kadothi01,Silver Slugger,1976,NL,,OF,
kakefma01,Silver Slugger,1976,AL,,3B,
katohi05,Silver Slugger,1976,NL,,1B,
mimurto01,Silver Slugger,1976,AL,,SS,
nomurka03,Silver Slugger,1976,NL,,C,
ohashyu01,Silver Slugger,1976,NL,,SS,
ohsa01,Silver Slugger,1976,AL,,1B,
otata03,Silver Slugger,1976,NL,,,
tabucko01,Silver Slugger,1976,AL,,C,
wakamts01,Silver Slugger,1976,AL,,OF,
yamadhi03,Silver Slugger,1976,NL,,P,
yazawke01,Silver Slugger,1976,AL,,OF,
yoshisa02,Silver Slugger,1976,NL,,2B,
kobaysh01,Cy Young Award,1977,AL,,,
ohsa01,MVP,1977,AL,,,
yamadhi03,MVP,1977,NL,,,
saitoak01,Rookie of the Year,1977,AL,,,
satoyo02,Rookie of the Year,1977,NL,,,
aritomi01,Silver Slugger,1977,NL,,3B,
fukumyu02,Silver Slugger,1977,NL,,OF,
harimis01,Silver Slugger,1977,AL,,OF,
ishiwsh01,Silver Slugger,1977,NL,,SS,
kadothi01,Silver Slugger,1977,NL,,OF,
kakefma01,Silver Slugger,1977,AL,,3B,
katohi05,Silver Slugger,1977,NL,,1B,
katoto01,Silver Slugger,1977,NL,,C,
kimatta01,Silver Slugger,1977,AL,,C,
kobaysh01,Silver Slugger,1977,AL,,P,
konoka01,Silver Slugger,1977,AL,,SS,
leele02,Silver Slugger,1977,NL,,OF,
marcabo01,Silver Slugger,1977,NL,,2B,
ohsa01,Silver Slugger,1977,AL,,1B,
takagmo01,Silver Slugger,1977,AL,,2B,
takaiya01,Silver Slugger,1977,NL,,1B,
wakamts01,Silver Slugger,1977,AL,,OF,
yamadhi03,Silver Slugger,1977,NL,,P,
yamamko05,Silver Slugger,1977,AL,,OF,
matsuhi11,Cy Young Award,1978,AL,,,
wakamts01,MVP,1978,AL,,,
yamadhi03,MVP,1978,NL,,,
murakyu01,Rookie of the Year,1978,NL,,,
sumimi01,Rookie of the Year,1978,AL,,,
doima03,Silver Slugger,1978,NL,,1B,
fukumyu02,Silver Slugger,1978,NL,,OF,
hiltoda01,Silver Slugger,1978,AL,,2B,
kakefma01,Silver Slugger,1978,AL,,3B,
kashiju01,Silver Slugger,1978,NL,,1B,
manuech01,Silver Slugger,1978,AL,,OF,
marcabo01,Silver Slugger,1978,NL,,2B,
mayumak01,Silver Slugger,1978,NL,,SS,
minodko01,Silver Slugger,1978,NL,,OF,
nakazsh02,Silver Slugger,1978,NL,,C,
niurahi01,Silver Slugger,1978,AL,,P,
ohsa01,Silver Slugger,1978,AL,,1B,
oyaak01,Silver Slugger,1978,AL,,C,
sasakky01,Silver Slugger,1978,NL,,OF,
shimaki01,Silver Slugger,1978,NL,,3B,
suzukke05,Silver Slugger,1978,NL,,P,
takahyo02,Silver Slugger,1978,AL,,SS,
wakamts01,Silver Slugger,1978,AL,,OF,
yamamko05,Silver Slugger,1978,AL,,OF,
kobaysh01,Cy Young Award,1979,AL,,,
enatsyu01,MVP,1979,AL,,,
manuech01,MVP,1979,NL,,,
fujiski01,Rookie of the Year,1979,AL,,,
matsuhi09,Rookie of the Year,1979,NL,,,
araihi01,Silver Slugger,1979,NL,,OF,
fukumyu02,Silver Slugger,1979,NL,,OF,
ishiwsh01,Silver Slugger,1979,NL,,SS,
kakefma01,Silver Slugger,1979,AL,,3B,
katohi05,Silver Slugger,1979,NL,,1B,
kimatta01,Silver Slugger,1979,AL,,C,
kobaysh01,Silver Slugger,1979,AL,,P,
kurihsh01,Silver Slugger,1979,NL,,OF,
manuech01,Silver Slugger,1979,NL,,,
marcabo01,Silver Slugger,1979,NL,,2B,
millafe01,Silver Slugger,1979,AL,,2B,
nashima01,Silver Slugger,1979,NL,,C,
ohsa01,Silver Slugger,1979,AL,,1B,
reinbmi01,Silver Slugger,1979,AL,,OF,
shimaki01,Silver Slugger,1979,NL,,3B,
takahyo02,Silver Slugger,1979,AL,,SS,
wakamts01,Silver Slugger,1979,AL,,OF,
yamadhi03,Silver Slugger,1979,NL,,P,
yamamko05,Silver Slugger,1979,AL,,OF,
kidais01,MVP,1980,NL,,,
yamamko05,MVP,1980,AL,,,
kidais01,Rookie of the Year,1980,NL,,,
okadaak02,Rookie of the Year,1980,AL,,,
aritomi01,Silver Slugger,1980,NL,,3B,
egawasu01,Silver Slugger,1980,AL,,P,
fukumyu02,Silver Slugger,1980,NL,,OF,
kidais01,Silver Slugger,1980,NL,,P,
kinugsa01,Silver Slugger,1980,AL,,3B,
kurihsh01,Silver Slugger,1980,NL,,OF,
leele01,Silver Slugger,1980,NL,,1B,
leele02,Silver Slugger,1980,NL,,OF,
manuech01,Silver Slugger,1980,NL,,,
motoimi01,Silver Slugger,1980,AL,,2B,
nashima01,Silver Slugger,1980,NL,,C,
oyaak01,Silver Slugger,1980,AL,,C,
sugiuto03,Silver Slugger,1980,AL,,OF,
takahyo02,Silver Slugger,1980,AL,,SS,
takasno01,Silver Slugger,1980,NL,,SS,
wakamts01,Silver Slugger,1980,AL,,OF,
yamamko05,Silver Slugger,1980,AL,,OF,
yamazhi01,Silver Slugger,1980,NL,,2B,
yazawke01,Silver Slugger,1980,AL,,1B,
nishita04,Cy Young Award,1981,AL,,,
egawasu01,MVP,1981,AL,,,
enatsyu01,MVP,1981,NL,,,
harata02,Rookie of the Year,1981,AL,,,
ishighi02,Rookie of the Year,1981,NL,,,
aritomi01,Silver Slugger,1981,NL,,3B,
egawasu01,Silver Slugger,1981,AL,,P,
fujitta03,Silver Slugger,1981,AL,,1B,
fukumyu02,Silver Slugger,1981,NL,,OF,
ishighi02,Silver Slugger,1981,NL,,SS,
kadothi01,Silver Slugger,1981,NL,,,
kakefma01,Silver Slugger,1981,AL,,3B,
kashiju01,Silver Slugger,1981,NL,,1B,
lyttlji01,Silver Slugger,1981,AL,,OF,
muratch01,Silver Slugger,1981,NL,,P,
nashima01,Silver Slugger,1981,NL,,C,
ochiahi01,Silver Slugger,1981,NL,,2B,
shimama01,Silver Slugger,1981,NL,,OF,
shinoka01,Silver Slugger,1981,AL,,2B,
taoya01,Silver Slugger,1981,AL,,OF,
whitfte01,Silver Slugger,1981,NL,,OF,
yamakka01,Silver Slugger,1981,AL,,C,
yamamko05,Silver Slugger,1981,AL,,OF,
yamasda01,Silver Slugger,1981,AL,,SS,
kitabma01,Cy Young Award,1982,AL,,,
nakaota01,MVP,1982,AL,,,
ochiahi01,MVP,1982,NL,,,
oishida01,Rookie of the Year,1982,NL,,,
tsudats01,Rookie of the Year,1982,AL,,,
araihi01,Silver Slugger,1982,NL,,OF,
fukumyu02,Silver Slugger,1982,NL,,OF,
ishighi02,Silver Slugger,1982,NL,,SS,
kakefma01,Silver Slugger,1982,AL,,3B,
kashiju01,Silver Slugger,1982,NL,,1B,
kitabma01,Silver Slugger,1982,AL,,P,
kudomi01,Silver Slugger,1982,NL,,P,
kurihsh01,Silver Slugger,1982,NL,,OF,
nagaske03,Silver Slugger,1982,AL,,OF,
nakaota01,Silver Slugger,1982,AL,,C,
nakazsh02,Silver Slugger,1982,NL,,C,
ochiahi01,Silver Slugger,1982,NL,,2B,
ontivst01,Silver Slugger,1982,NL,,3B,
shinoka01,Silver Slugger,1982,AL,,2B,
solaito01,Silver Slugger,1982,NL,,OF,
taoya01,Silver Slugger,1982,AL,,OF,
unoma02,Silver Slugger,1982,AL,,SS,
yamamko05,Silver Slugger,1982,AL,,OF,
yazawke01,Silver Slugger,1982,AL,,1B,
endoka01,Cy Young Award,1983,AL,,,
harata02,MVP,1983,AL,,,
higasos01,MVP,1983,NL,,,
futamta01,Rookie of the Year,1983,NL,,,
makihhi01,Rookie of the Year,1983,AL,,,
endoka01,Silver Slugger,1983,AL,,P,
harata02,Silver Slugger,1983,AL,,3B,
higasos01,Silver Slugger,1983,NL,,P,
ishighi02,Silver Slugger,1983,NL,,SS,
kadothi01,Silver Slugger,1983,NL,,,
kagawno01,Silver Slugger,1983,NL,,C,
matsuta13,Silver Slugger,1983,AL,,OF,
mayumak01,Silver Slugger,1983,AL,,2B,
minodko01,Silver Slugger,1983,NL,,OF,
ochiahi01,Silver Slugger,1983,NL,,1B,
oishida01,Silver Slugger,1983,NL,,2B,
ontivst01,Silver Slugger,1983,NL,,3B,
shimama01,Silver Slugger,1983,NL,,OF,
takahyo02,Silver Slugger,1983,AL,,SS,
taoya01,Silver Slugger,1983,AL,,OF,
whitfte01,Silver Slugger,1983,NL,,OF,
yamakka01,Silver Slugger,1983,AL,,C,
yamamko05,Silver Slugger,1983,AL,,OF,
yazawke01,Silver Slugger,1983,AL,,1B,
kinugsa01,MVP,1984,AL,,,
wellsbo01,MVP,1984,NL,,,
fujithi01,Rookie of the Year,1984,NL,,,
kobayta02,Rookie of the Year,1984,AL,,,
cruzto01,Silver Slugger,1984,NL,,OF,
fujithi01,Silver Slugger,1984,NL,,C,
imaiyu01,Silver Slugger,1984,NL,,P,
kinugsa01,Silver Slugger,1984,AL,,3B,
leele02,Silver Slugger,1984,NL,,OF,
minodko01,Silver Slugger,1984,NL,,OF,
ochiahi01,Silver Slugger,1984,NL,,3B,
oishida01,Silver Slugger,1984,NL,,2B,
shinoka01,Silver Slugger,1984,AL,,2B,
takazhi01,Silver Slugger,1984,NL,,OF,
tatsumi01,Silver Slugger,1984,AL,,C,
unoma02,Silver Slugger,1984,AL,,SS,
wakamts01,Silver Slugger,1984,AL,,OF,
wellsbo01,Silver Slugger,1984,NL,,1B,
yamamko05,Silver Slugger,1984,AL,,OF,
yamanka03,Silver Slugger,1984,AL,,P,
yamasry01,Silver Slugger,1984,AL,,OF,
yazawke01,Silver Slugger,1984,AL,,1B,
yumioke01,Silver Slugger,1984,NL,,SS,
komatta02,Cy Young Award,1985,AL,,,
bassra01,MVP,1985,AL,,,
ochiahi01,MVP,1985,NL,,,
kawabju01,Rookie of the Year,1985,AL,,,
kumante01,Rookie of the Year,1985,NL,,,
bassra01,Silver Slugger,1985,AL,,1B,
davisri01,Silver Slugger,1985,NL,,1B,
higasos01,Silver Slugger,1985,NL,,P,
ishighi02,Silver Slugger,1985,NL,,SS,
itots01,Silver Slugger,1985,NL,,C,
kakefma01,Silver Slugger,1985,AL,,3B,
kanamei01,Silver Slugger,1985,NL,,OF,
komatta02,Silver Slugger,1985,AL,,P,
kumante01,Silver Slugger,1985,NL,,OF,
leele02,Silver Slugger,1985,NL,,OF,
mayumak01,Silver Slugger,1985,AL,,OF,
nishino02,Silver Slugger,1985,NL,,2B,
ochiahi01,Silver Slugger,1985,NL,,3B,
okadaak02,Silver Slugger,1985,AL,,2B,
sugiuto03,Silver Slugger,1985,AL,,OF,
takagyu01,Silver Slugger,1985,AL,,SS,
yaegayu01,Silver Slugger,1985,AL,,C,
yamasry01,Silver Slugger,1985,AL,,OF,
yokotma01,Silver Slugger,1985,NL,,OF,
kitabma01,Cy Young Award,1986,AL,,,
furuyhi01,Gold Glove,1986,NL,,3B,
higasos01,Gold Glove,1986,NL,,P,
hiranke02,Gold Glove,1986,AL,,OF,
hiratka02,Gold Glove,1986,AL,,SS,
ishighi02,Gold Glove,1986,NL,,SS,
itots01,Gold Glove,1986,NL,,C,
kinugsa01,Gold Glove,1986,AL,,3B,
kitabma01,Gold Glove,1986,AL,,P,
nagaski02,Gold Glove,1986,AL,,OF,
nakahki01,Gold Glove,1986,AL,,1B,
nishiyo03,Gold Glove,1986,NL,,OF,
shinoka01,Gold Glove,1986,AL,,2B,
tatsumi01,Gold Glove,1986,AL,,C,
tsujiha02,Gold Glove,1986,NL,,2B,
wellsbo01,Gold Glove,1986,NL,,1B,
yamamka04,Gold Glove,1986,NL,,OF,
yamamma05,Gold Glove,1986,NL,,OF,
yashika01,Gold Glove,1986,AL,,OF,
ishighi02,MVP,1986,NL,,,
kitabma01,MVP,1986,AL,,,
kiyohka01,Rookie of the Year,1986,NL,,,
nagadhi01,Rookie of the Year,1986,AL,,,
akiyako01,Silver Slugger,1986,NL,,3B,
araihi01,Silver Slugger,1986,NL,,OF,
bassra01,Silver Slugger,1986,AL,,1B,
cromawa01,Silver Slugger,1986,AL,,OF,
ishighi02,Silver Slugger,1986,NL,,SS,
ishimka01,Silver Slugger,1986,NL,,OF,
itots01,Silver Slugger,1986,NL,,C,
kitabma01,Silver Slugger,1986,AL,,P,
leele01,Silver Slugger,1986,AL,,3B,
ochiahi01,Silver Slugger,1986,NL,,3B,
shinoka01,Silver Slugger,1986,AL,,2B,
takahyo02,Silver Slugger,1986,AL,,SS,
tatsumi01,Silver Slugger,1986,AL,,C,
tsujiha02,Silver Slugger,1986,NL,,2B,
watanhi04,Silver Slugger,1986,NL,,P,
wellsbo01,Silver Slugger,1986,NL,,1B,
yamamko05,Silver Slugger,1986,AL,,OF,
yokotma01,Silver Slugger,1986,NL,,OF,
yoshisa01,Silver Slugger,1986,AL,,OF,
kuwatma01,Cy Young Award,1987,AL,,,
akiyako01,Gold Glove,1987,NL,,OF,
araihi01,Gold Glove,1987,NL,,OF,
harata02,Gold Glove,1987,AL,,3B,
higasos01,Gold Glove,1987,NL,,P,
hiratka02,Gold Glove,1987,AL,,SS,
ishighi02,Gold Glove,1987,NL,,3B,
itots01,Gold Glove,1987,NL,,C,
kuwatma01,Gold Glove,1987,AL,,P,
nagaski02,Gold Glove,1987,AL,,OF,
nakahki01,Gold Glove,1987,AL,,1B,
shimama01,Gold Glove,1987,NL,,OF,
shiraka02,Gold Glove,1987,NL,,2B,
shodako01,Gold Glove,1987,AL,,2B,
takazhi01,Gold Glove,1987,NL,,OF,
wellsbo01,Gold Glove,1987,NL,,1B,
yamakka01,Gold Glove,1987,AL,,C,
yamasry01,Gold Glove,1987,AL,,OF,
yashika01,Gold Glove,1987,AL,,OF,
yumioke01,Gold Glove,1987,NL,,SS,
higasos01,MVP,1987,NL,,,
yamakka01,MVP,1987,AL,,,
araiyu01,Rookie of the Year,1987,AL,,,
awanohi01,Rookie of the Year,1987,NL,,,
akiyako01,Silver Slugger,1987,NL,,OF,
araihi01,Silver Slugger,1987,NL,,OF,
bassra01,Silver Slugger,1987,AL,,1B,
breweto01,Silver Slugger,1987,NL,,OF,
cromawa01,Silver Slugger,1987,AL,,OF,
harata02,Silver Slugger,1987,AL,,3B,
ishighi02,Silver Slugger,1987,NL,,3B,
ishimka01,Silver Slugger,1987,NL,,OF,
itots01,Silver Slugger,1987,NL,,C,
kudoki01,Silver Slugger,1987,NL,,P,
kuwatma01,Silver Slugger,1987,AL,,P,
mizukyo02,Silver Slugger,1987,NL,,SS,
ponceca01,Silver Slugger,1987,AL,,OF,
shinoka01,Silver Slugger,1987,AL,,2B,
shiraka02,Silver Slugger,1987,NL,,2B,
unoma02,Silver Slugger,1987,AL,,SS,
wellsbo01,Silver Slugger,1987,NL,,1B,
yamakka01,Silver Slugger,1987,AL,,C,
yoshisa01,Silver Slugger,1987,AL,,OF,
onoyu02,Cy Young Award,1988,AL,,,
akiyako01,Gold Glove,1988,NL,,OF,
harata02,Gold Glove,1988,AL,,3B,
hikonto01,Gold Glove,1988,AL,,OF,
hiranke02,Gold Glove,1988,NL,,OF,
ishighi02,Gold Glove,1988,NL,,3B,
itots01,Gold Glove,1988,NL,,C,
kiyohka01,Gold Glove,1988,NL,,1B,
kuwatma01,Gold Glove,1988,AL,,P,
nakahki01,Gold Glove,1988,AL,,1B,
nishiyu06,Gold Glove,1988,NL,,P,
shodako01,Gold Glove,1988,AL,,2B,
takazhi01,Gold Glove,1988,NL,,OF,
tatsuka01,Gold Glove,1988,AL,,SS,
tatsumi01,Gold Glove,1988,AL,,C,
tsujiha02,Gold Glove,1988,NL,,2B,
yamasry01,Gold Glove,1988,AL,,OF,
yashika01,Gold Glove,1988,AL,,OF,
kadothi01,MVP,1988,NL,,,
kakuge01,MVP,1988,AL,,,
moriyry01,Rookie of the Year,1988,NL,,,
tatsuka01,Rookie of the Year,1988,AL,,,
akiyako01,Silver Slugger,1988,NL,,OF,
fukurju01,Silver Slugger,1988,NL,,2B,
harata02,Silver Slugger,1988,AL,,3B,
hiranke02,Silver Slugger,1988,NL,,OF,
hiroska01,Silver Slugger,1988,AL,,OF,
ikeyata01,Silver Slugger,1988,AL,,SS,
itots01,Silver Slugger,1988,NL,,C,
kadothi01,Silver Slugger,1988,NL,,,
kiyohka01,Silver Slugger,1988,NL,,1B,
matsuhi08,Silver Slugger,1988,NL,,3B,
nishiyu06,Silver Slugger,1988,NL,,P,
ochiahi01,Silver Slugger,1988,AL,,1B,
onoka03,Silver Slugger,1988,AL,,P,
pacioji01,Silver Slugger,1988,AL,,1B,
ponceca01,Silver Slugger,1988,AL,,OF,
shodako01,Silver Slugger,1988,AL,,2B,
takazhi01,Silver Slugger,1988,NL,,OF,
tatsumi01,Silver Slugger,1988,AL,,C,
saitoma03,Cy Young Award,1989,AL,,,
aikota01,Gold Glove,1989,NL,,1B,
akiyako01,Gold Glove,1989,NL,,OF,
awanohi01,Gold Glove,1989,NL,,P,
hikonto01,Gold Glove,1989,AL,,OF,
hiranke02,Gold Glove,1989,NL,,OF,
kawaima01,Gold Glove,1989,AL,,SS,
komadno01,Gold Glove,1989,AL,,1B,
kuriyhi01,Gold Glove,1989,AL,,OF,
matsuhi08,Gold Glove,1989,NL,,3B,
motonat01,Gold Glove,1989,NL,,OF,
nakajsa01,Gold Glove,1989,NL,,C,
nakaota01,Gold Glove,1989,AL,,C,
nishita04,Gold Glove,1989,AL,,P,
rowdowa01,Gold Glove,1989,AL,,3B,
shodako01,Gold Glove,1989,AL,,2B,
tanabno01,Gold Glove,1989,NL,,SS,
tsujiha02,Gold Glove,1989,NL,,2B,
yamazke01,Gold Glove,1989,AL,,OF,
bryanra01,MVP,1989,NL,,,
cromawa01,MVP,1989,AL,,,
sakaits01,Rookie of the Year,1989,NL,,,
tomaske01,Rookie of the Year,1989,AL,,,
akiyako01,Silver Slugger,1989,NL,,OF,
awanohi01,Silver Slugger,1989,NL,,P,
bryanra01,Silver Slugger,1989,NL,,OF,
cromawa01,Silver Slugger,1989,AL,,OF,
fujiiya01,Silver Slugger,1989,NL,,OF,
hikonto01,Silver Slugger,1989,AL,,OF,
ikeyata01,Silver Slugger,1989,AL,,SS,
kadothi01,Silver Slugger,1989,NL,,OF,
matsuhi08,Silver Slugger,1989,NL,,3B,
nakaota01,Silver Slugger,1989,AL,,C,
ochiahi01,Silver Slugger,1989,AL,,3B,
parrila01,Silver Slugger,1989,AL,,1B,
saitoma03,Silver Slugger,1989,AL,,P,
shodako01,Silver Slugger,1989,AL,,2B,
tanabno01,Silver Slugger,1989,NL,,SS,
tsujiha02,Silver Slugger,1989,NL,,2B,
wellsbo01,Silver Slugger,1989,NL,,1B,
yamaska03,Silver Slugger,1989,NL,,C,
yamazke01,Silver Slugger,1989,AL,,OF,
nomohi01,Cy Young Award,1990,NL,,,
akiyako01,Gold Glove,1990,NL,,OF,
furutat01,Gold Glove,1990,AL,,C,
hikonto01,Gold Glove,1990,AL,,OF,
hiranke02,Gold Glove,1990,NL,,OF,
itots01,Gold Glove,1990,NL,,C,
kawaima01,Gold Glove,1990,AL,,SS,
kiyohka01,Gold Glove,1990,NL,,1B,
komadno01,Gold Glove,1990,AL,,1B,
matsuhi08,Gold Glove,1990,NL,,3B,
nishino02,Gold Glove,1990,NL,,OF,
okazaka01,Gold Glove,1990,AL,,3B,
saitoma03,Gold Glove,1990,AL,,P,
shodako01,Gold Glove,1990,AL,,2B,
tsujiha02,Gold Glove,1990,NL,,2B,
watanhi04,Gold Glove,1990,NL,,P,
yamazke01,Gold Glove,1990,AL,,OF,
yanadma01,Gold Glove,1990,AL,,OF,
nomohi01,MVP,1990,NL,,,
saitoma03,MVP,1990,AL,,,
nomohi01,Rookie of the Year,1990,NL,,,
yodats01,Rookie of the Year,1990,AL,,,
akiyako01,Silver Slugger,1990,NL,,OF,
destror01,Silver Slugger,1990,NL,,1B,
harata02,Silver Slugger,1990,AL,,OF,
hiroska01,Silver Slugger,1990,AL,,1B,
ikeyata01,Silver Slugger,1990,AL,,SS,
ishimka01,Silver Slugger,1990,NL,,OF,
itots01,Silver Slugger,1990,NL,,C,
kiyohka01,Silver Slugger,1990,NL,,1B,
lawva01,Silver Slugger,1990,AL,,3B,
matsuhi08,Silver Slugger,1990,NL,,3B,
muratsh02,Silver Slugger,1990,AL,,C,
nishino02,Silver Slugger,1990,NL,,OF,
nomohi01,Silver Slugger,1990,NL,,P,
ochiahi01,Silver Slugger,1990,AL,,1B,
oishida01,Silver Slugger,1990,NL,,2B,
pacioji01,Silver Slugger,1990,AL,,OF,
saitoma03,Silver Slugger,1990,AL,,P,
takagyu01,Silver Slugger,1990,AL,,2B,
sasaosh01,Cy Young Award,1991,AL,,,
akiyako01,Gold Glove,1991,NL,,OF,
furutat01,Gold Glove,1991,AL,,C,
hiranke02,Gold Glove,1991,NL,,OF,
iidate02,Gold Glove,1991,AL,,OF,
ishighi02,Gold Glove,1991,NL,,3B,
itots01,Gold Glove,1991,NL,,C,
kakuta01,Gold Glove,1991,NL,,P,
kawaima01,Gold Glove,1991,AL,,SS,
komadno01,Gold Glove,1991,AL,,1B,
kuwatma01,Gold Glove,1991,AL,,P,
maedato01,Gold Glove,1991,AL,,OF,
reynorj01,Gold Glove,1991,AL,,OF,
sasakma01,Gold Glove,1991,NL,,OF,
shodako01,Gold Glove,1991,AL,,2B,
sumifu01,Gold Glove,1991,AL,,3B,
trabeji01,Gold Glove,1991,NL,,1B,
tsujiha02,Gold Glove,1991,NL,,2B,
kakuta01,MVP,1991,NL,,,
sasaosh01,MVP,1991,AL,,,
hasegsh02,Rookie of the Year,1991,NL,,,
moritko02,Rookie of the Year,1991,AL,,,
akiyako01,Silver Slugger,1991,NL,,OF,
destror01,Silver Slugger,1991,NL,,1B,
furutat01,Silver Slugger,1991,AL,,C,
harata02,Silver Slugger,1991,AL,,OF,
hiraimi01,Silver Slugger,1991,NL,,OF,
hiroska01,Silver Slugger,1991,AL,,1B,
itots01,Silver Slugger,1991,NL,,C,
kakuta01,Silver Slugger,1991,NL,,P,
matsuhi08,Silver Slugger,1991,NL,,3B,
nomurke01,Silver Slugger,1991,AL,,SS,
ochiahi01,Silver Slugger,1991,AL,,1B,
ogawahi01,Silver Slugger,1991,NL,,SS,
reynorj01,Silver Slugger,1991,AL,,OF,
sasakma01,Silver Slugger,1991,NL,,OF,
sasaosh01,Silver Slugger,1991,AL,,P,
takagyu01,Silver Slugger,1991,AL,,2B,
trabeji01,Silver Slugger,1991,NL,,1B,
tsujiha02,Silver Slugger,1991,NL,,2B,
yamasry01,Silver Slugger,1991,AL,,OF,
ishiita03,Cy Young Award,1992,NL,,,
akiyako01,Gold Glove,1992,NL,,OF,
furutat01,Gold Glove,1992,AL,,C,
hiranke02,Gold Glove,1992,NL,,OF,
iidate02,Gold Glove,1992,AL,,OF,
ikeyata01,Gold Glove,1992,AL,,SS,
ishighi02,Gold Glove,1992,NL,,3B,
itots01,Gold Glove,1992,NL,,C,
kakuta01,Gold Glove,1992,NL,,P,
kameyts01,Gold Glove,1992,AL,,OF,
kiyohka01,Gold Glove,1992,NL,,1B,
maedato01,Gold Glove,1992,AL,,OF,
omallto01,Gold Glove,1992,AL,,3B,
pacioji01,Gold Glove,1992,AL,,1B,
saitoma03,Gold Glove,1992,AL,,P,
sasakma01,Gold Glove,1992,NL,,OF,
tanabno01,Gold Glove,1992,NL,,SS,
tsujiha02,Gold Glove,1992,NL,,2B,
wadayu01,Gold Glove,1992,AL,,2B,
howelja01,MVP,1992,AL,,,
ishiita03,MVP,1992,NL,,,
kujite01,Rookie of the Year,1992,AL,,,
takamhi01,Rookie of the Year,1992,NL,,,
akiyako01,Silver Slugger,1992,NL,,OF,
destror01,Silver Slugger,1992,NL,,OF,
furutat01,Silver Slugger,1992,AL,,C,
howelja01,Silver Slugger,1992,AL,,3B,
iidate02,Silver Slugger,1992,AL,,OF,
ikeyata01,Silver Slugger,1992,AL,,SS,
ishighi02,Silver Slugger,1992,NL,,3B,
ishiita03,Silver Slugger,1992,NL,,P,
itots01,Silver Slugger,1992,NL,,C,
kiyohka01,Silver Slugger,1992,NL,,1B,
maedato01,Silver Slugger,1992,AL,,OF,
pacioji01,Silver Slugger,1992,AL,,1B,
saitoma03,Silver Slugger,1992,AL,,P,
sasakma01,Silver Slugger,1992,NL,,OF,
sheetla01,Silver Slugger,1992,AL,,OF,
takahsa01,Silver Slugger,1992,NL,,OF,
tanabno01,Silver Slugger,1992,NL,,SS,
tsujiha02,Silver Slugger,1992,NL,,2B,
wadayu01,Silver Slugger,1992,AL,,2B,
imanash02,Cy Young Award,1993,AL,,,
akiyako01,Gold Glove,1993,NL,,OF,
furutat01,Gold Glove,1993,AL,,C,
hiranke02,Gold Glove,1993,NL,,OF,
hiroste01,Gold Glove,1993,NL,,SS,
iidate02,Gold Glove,1993,AL,,OF,
imanash02,Gold Glove,1993,AL,,P,
ishighi02,Gold Glove,1993,NL,,3B,
ishiita02,Gold Glove,1993,AL,,3B,
kawaima01,Gold Glove,1993,AL,,SS,
kiyohka01,Gold Glove,1993,NL,,1B,
komadno01,Gold Glove,1993,AL,,1B,
kuwatma01,Gold Glove,1993,AL,,P,
maedato01,Gold Glove,1993,AL,,OF,
nodako02,Gold Glove,1993,NL,,P,
sasakma01,Gold Glove,1993,NL,,OF,
shinjts01,Gold Glove,1993,AL,,OF,
tamurfu01,Gold Glove,1993,NL,,C,
tsujiha02,Gold Glove,1993,NL,,2B,
wadayu01,Gold Glove,1993,AL,,2B,
furutat01,MVP,1993,AL,,,
kudoki01,MVP,1993,NL,,,
itoto01,Rookie of the Year,1993,AL,,,
sugiyke02,Rookie of the Year,1993,NL,,,
akiyako01,Silver Slugger,1993,NL,,OF,
bryanra01,Silver Slugger,1993,NL,,,
etoak01,Silver Slugger,1993,AL,,3B,
fujiiya01,Silver Slugger,1993,NL,,OF,
furutat01,Silver Slugger,1993,AL,,C,
hiroska01,Silver Slugger,1993,AL,,1B,
hiroste01,Silver Slugger,1993,NL,,SS,
ikeyata01,Silver Slugger,1993,AL,,SS,
imanash02,Silver Slugger,1993,AL,,P,
ishighi02,Silver Slugger,1993,NL,,3B,
ishiihi02,Silver Slugger,1993,NL,,1B,
kudoki01,Silver Slugger,1993,NL,,P,
maedato01,Silver Slugger,1993,AL,,OF,
powelal01,Silver Slugger,1993,AL,,OF,
rosero01,Silver Slugger,1993,AL,,2B,
sasakma01,Silver Slugger,1993,NL,,OF,
shinjts01,Silver Slugger,1993,AL,,OF,
tamurfu01,Silver Slugger,1993,NL,,C,
tsujiha02,Silver Slugger,1993,NL,,2B,
yamamma04,Cy Young Award,1994,AL,,,
akiyako01,Gold Glove,1994,NL,,OF,
hiroste01,Gold Glove,1994,NL,,SS,
iidate02,Gold Glove,1994,AL,,OF,
ishiita02,Gold Glove,1994,AL,,3B,
itots01,Gold Glove,1994,NL,,C,
kawaima01,Gold Glove,1994,AL,,SS,
kiyohka01,Gold Glove,1994,NL,,1B,
komadno01,Gold Glove,1994,AL,,1B,
kudoki01,Gold Glove,1994,NL,,P,
kuwatma01,Gold Glove,1994,AL,,P,
maedato01,Gold Glove,1994,AL,,OF,
matsuhi08,Gold Glove,1994,NL,,3B,
nishish01,Gold Glove,1994,AL,,C,
sasakma01,Gold Glove,1994,NL,,OF,
shinjts01,Gold Glove,1994,AL,,OF,
suzukic01,Gold Glove,1994,NL,,OF,
tsujiha02,Gold Glove,1994,NL,,2B,
wadayu01,Gold Glove,1994,AL,,2B,
kuwatma01,MVP,1994,AL,,,
suzukic01,MVP,1994,NL,,,
watanhi01,Rookie of the Year,1994,NL,,,
yabuke01,Rookie of the Year,1994,AL,,,
bragggl01,Silver Slugger,1994,AL,,OF,
bryanra01,Silver Slugger,1994,NL,,,
etoak01,Silver Slugger,1994,AL,,3B,
fukurju01,Silver Slugger,1994,NL,,2B,
hiroste01,Silver Slugger,1994,NL,,SS,
irabuhi01,Silver Slugger,1994,NL,,P,
ishiihi02,Silver Slugger,1994,NL,,1B,
kawaima01,Silver Slugger,1994,AL,,SS,
maedato01,Silver Slugger,1994,AL,,OF,
matsuhi08,Silver Slugger,1994,NL,,3B,
nishish01,Silver Slugger,1994,AL,,C,
powelal01,Silver Slugger,1994,AL,,OF,
reimeke01,Silver Slugger,1994,NL,,OF,
sasakma01,Silver Slugger,1994,NL,,OF,
suzukic01,Silver Slugger,1994,NL,,OF,
taihoya01,Silver Slugger,1994,AL,,1B,
wadayu01,Silver Slugger,1994,AL,,2B,
yamamma04,Silver Slugger,1994,AL,,P,
yoshiko04,Silver Slugger,1994,NL,,C,
saitoma03,Cy Young Award,1995,AL,,,
akiyako01,Gold Glove,1995,NL,,OF,
babato01,Gold Glove,1995,NL,,3B,
francju02,Gold Glove,1995,NL,,1B,
furutat01,Gold Glove,1995,AL,,C,
iidate02,Gold Glove,1995,AL,,OF,
ishiita02,Gold Glove,1995,AL,,3B,
itots01,Gold Glove,1995,NL,,C,
kokubhi01,Gold Glove,1995,NL,,2B,
komadno01,Gold Glove,1995,AL,,1B,
kudoki01,Gold Glove,1995,NL,,P,
nomurke01,Gold Glove,1995,AL,,SS,
ogatako01,Gold Glove,1995,AL,,OF,
otosh01,Gold Glove,1995,AL,,OF,
saitoma03,Gold Glove,1995,AL,,P,
suzukic01,Gold Glove,1995,NL,,OF,
tagucso01,Gold Glove,1995,NL,,OF,
tatsuka01,Gold Glove,1995,AL,,2B,
omallto01,MVP,1995,AL,,,
suzukic01,MVP,1995,NL,,,
hiraima01,Rookie of the Year,1995,NL,,,
yamauya01,Rookie of the Year,1995,AL,,,
etoak01,Silver Slugger,1995,AL,,3B,
francju02,Silver Slugger,1995,NL,,1B,
furutat01,Silver Slugger,1995,AL,,C,
hatsuki01,Silver Slugger,1995,NL,,3B,
irabuhi01,Silver Slugger,1995,NL,,P,
jacksda01,Silver Slugger,1995,NL,,OF,
kanemto01,Silver Slugger,1995,AL,,OF,
kokubhi01,Silver Slugger,1995,NL,,2B,
matsuhi03,Silver Slugger,1995,AL,,OF,
nakajsa01,Silver Slugger,1995,NL,,C,
neeltr01,Silver Slugger,1995,NL,,1B,
nomurke01,Silver Slugger,1995,AL,,SS,
omallto01,Silver Slugger,1995,AL,,1B,
powelal01,Silver Slugger,1995,AL,,OF,
rosero01,Silver Slugger,1995,AL,,2B,
saitoma03,Silver Slugger,1995,AL,,P,
sasakma01,Silver Slugger,1995,NL,,OF,
suzukic01,Silver Slugger,1995,NL,,OF,
saitoma03,Cy Young Award,1996,AL,,,
akiyako01,Gold Glove,1996,NL,,OF,
babato01,Gold Glove,1996,NL,,3B,
etoak01,Gold Glove,1996,AL,,3B,
iidate02,Gold Glove,1996,AL,,OF,
kataoat01,Gold Glove,1996,NL,,1B,
kawaima01,Gold Glove,1996,AL,,SS,
komadno01,Gold Glove,1996,AL,,1B,
nishish01,Gold Glove,1996,AL,,C,
nishiyu06,Gold Glove,1996,NL,,P,
ogatako01,Gold Glove,1996,AL,,OF,
oshimko01,Gold Glove,1996,NL,,2B,
saitoma03,Gold Glove,1996,AL,,P,
shinjts01,Gold Glove,1996,AL,,OF,
suzukic01,Gold Glove,1996,NL,,OF,
tagucso01,Gold Glove,1996,NL,,OF,
takadma01,Gold Glove,1996,NL,,C,
tatsuka01,Gold Glove,1996,AL,,2B,
matsuhi03,MVP,1996,AL,,,
suzukic01,MVP,1996,NL,,,
kanekma01,Rookie of the Year,1996,NL,,,
nishito01,Rookie of the Year,1996,AL,,,
etoak01,Silver Slugger,1996,AL,,3B,
hillmer01,Silver Slugger,1996,NL,,P,
kataoat01,Silver Slugger,1996,NL,,1B,
lopezlu02,Silver Slugger,1996,AL,,1B,
matsuhi03,Silver Slugger,1996,AL,,OF,
muramar01,Silver Slugger,1996,NL,,OF,
nakamno01,Silver Slugger,1996,NL,,3B,
neeltr01,Silver Slugger,1996,NL,,1B,
nishish01,Silver Slugger,1996,AL,,C,
nomurke01,Silver Slugger,1996,AL,,SS,
oshimko01,Silver Slugger,1996,NL,,2B,
powelal01,Silver Slugger,1996,AL,,OF,
saitoma03,Silver Slugger,1996,AL,,P,
suzukic01,Silver Slugger,1996,NL,,OF,
tagucso01,Silver Slugger,1996,NL,,OF,
tatsuka01,Silver Slugger,1996,AL,,2B,
yamasta02,Silver Slugger,1996,AL,,OF,
yoshiko04,Silver Slugger,1996,NL,,C,
nishifu01,Cy Young Award,1997,NL,,,
furutat01,Gold Glove,1997,AL,,C,
ideta01,Gold Glove,1997,NL,,OF,
iidate02,Gold Glove,1997,AL,,OF,
itots01,Gold Glove,1997,NL,,C,
kataoat01,Gold Glove,1997,NL,,3B,
komadno01,Gold Glove,1997,AL,,1B,
kuwatma01,Gold Glove,1997,AL,,P,
matsuka02,Gold Glove,1997,NL,,SS,
miyamsh02,Gold Glove,1997,AL,,SS,
nishifu01,Gold Glove,1997,NL,,P,
ogatako01,Gold Glove,1997,AL,,OF,
oshimko01,Gold Glove,1997,NL,,2B,
shindta02,Gold Glove,1997,AL,,3B,
shinjts01,Gold Glove,1997,AL,,OF,
suzukic01,Gold Glove,1997,NL,,OF,
tagucso01,Gold Glove,1997,NL,,OF,
takagta02,Gold Glove,1997,NL,,1B,
tatsuka01,Gold Glove,1997,AL,,2B,
furutat01,MVP,1997,AL,,,
nishifu01,MVP,1997,NL,,,
kosakma01,Rookie of the Year,1997,NL,,,
sawazto01,Rookie of the Year,1997,AL,,,
clarkph01,Silver Slugger,1997,NL,,1B,
furutat01,Silver Slugger,1997,AL,,C,
gomezle01,Silver Slugger,1997,AL,,3B,
hoseydw01,Silver Slugger,1997,AL,,OF,
ishiita02,Silver Slugger,1997,AL,,SS,
itots01,Silver Slugger,1997,NL,,C,
kokubhi01,Silver Slugger,1997,NL,,2B,
lopezlu02,Silver Slugger,1997,AL,,1B,
martido01,Silver Slugger,1997,NL,,1B,
matsuhi03,Silver Slugger,1997,AL,,OF,
matsuka02,Silver Slugger,1997,NL,,SS,
nishifu01,Silver Slugger,1997,NL,,P,
rhodetu01,Silver Slugger,1997,NL,,OF,
rosero01,Silver Slugger,1997,AL,,2B,
sasakma01,Silver Slugger,1997,NL,,OF,
suzukic01,Silver Slugger,1997,NL,,OF,
suzukke04,Silver Slugger,1997,NL,,3B,
suzukta02,Silver Slugger,1997,AL,,OF,
yamamma04,Silver Slugger,1997,AL,,P,
kawaske03,Cy Young Award,1998,AL,,,
ishiita02,Gold Glove,1998,AL,,SS,
itots01,Gold Glove,1998,NL,,C,
kanekma01,Gold Glove,1998,NL,,2B,
kataoat01,Gold Glove,1998,NL,,3B,
komadno01,Gold Glove,1998,AL,,1B,
kuwatma01,Gold Glove,1998,AL,,P,
matsuka02,Gold Glove,1998,NL,,SS,
nishifu01,Gold Glove,1998,NL,,P,
ogatako01,Gold Glove,1998,AL,,OF,
omurana01,Gold Glove,1998,NL,,OF,
otomosu01,Gold Glove,1998,NL,,OF,
rosero01,Gold Glove,1998,AL,,2B,
shindta02,Gold Glove,1998,AL,,3B,
shinjts01,Gold Glove,1998,AL,,OF,
suzukic01,Gold Glove,1998,NL,,OF,
takagta02,Gold Glove,1998,NL,,1B,
takahyo01,Gold Glove,1998,AL,,OF,
tanismo01,Gold Glove,1998,AL,,C,
matsuka02,MVP,1998,NL,,,
sasakka01,MVP,1998,AL,,,
kawakke01,Rookie of the Year,1998,AL,,,
ozekita01,Rookie of the Year,1998,NL,,,
clarkph01,Silver Slugger,1998,NL,,1B,
etoak01,Silver Slugger,1998,AL,,3B,
francju02,Silver Slugger,1998,NL,,2B,
ishiita02,Silver Slugger,1998,AL,,SS,
itots01,Silver Slugger,1998,NL,,C,
kataoat01,Silver Slugger,1998,NL,,3B,
komadno01,Silver Slugger,1998,AL,,1B,
maedato01,Silver Slugger,1998,AL,,OF,
matsuhi03,Silver Slugger,1998,AL,,OF,
matsuka02,Silver Slugger,1998,NL,,SS,
nishifu01,Silver Slugger,1998,NL,,P,
omurana01,Silver Slugger,1998,NL,,OF,
rosero01,Silver Slugger,1998,AL,,2B,
sasakka01,Silver Slugger,1998,AL,,P,
shibahi02,Silver Slugger,1998,NL,,OF,
suzukic01,Silver Slugger,1998,NL,,OF,
suzukta02,Silver Slugger,1998,AL,,OF,
tanismo01,Silver Slugger,1998,AL,,C,
wilsoni01,Silver Slugger,1998,NL,,,
ueharko02,Cy Young Award,1999,AL,,,
akiyako01,Gold Glove,1999,NL,,OF,
furutat01,Gold Glove,1999,AL,,C,
jojimke01,Gold Glove,1999,NL,,C,
kanekma01,Gold Glove,1999,NL,,2B,
komadno01,Gold Glove,1999,AL,,1B,
kosakma01,Gold Glove,1999,NL,,SS,
matsuda01,Gold Glove,1999,NL,,P,
miyamsh02,Gold Glove,1999,AL,,SS,
nakamno01,Gold Glove,1999,NL,,3B,
nishito01,Gold Glove,1999,AL,,2B,
ogasami01,Gold Glove,1999,NL,,1B,
ogatako01,Gold Glove,1999,AL,,OF,
otomosu01,Gold Glove,1999,NL,,OF,
shindta02,Gold Glove,1999,AL,,3B,
shinjts01,Gold Glove,1999,AL,,OF,
suzukic01,Gold Glove,1999,NL,,OF,
takahyo01,Gold Glove,1999,AL,,OF,
ueharko02,Gold Glove,1999,AL,,P,
kudoki01,MVP,1999,NL,,,
nogucsh01,MVP,1999,AL,,,
matsuda01,Rookie of the Year,1999,NL,,,
ueharko02,Rookie of the Year,1999,AL,,,
clarkph01,Silver Slugger,1999,NL,,1B,
furutat01,Silver Slugger,1999,AL,,C,
gomezle01,Silver Slugger,1999,AL,,3B,
ishiita02,Silver Slugger,1999,AL,,SS,
jojimke01,Silver Slugger,1999,NL,,C,
kanekma01,Silver Slugger,1999,NL,,2B,
matsuda01,Silver Slugger,1999,NL,,P,
matsuhi03,Silver Slugger,1999,AL,,OF,
matsuka02,Silver Slugger,1999,NL,,SS,
nakamno01,Silver Slugger,1999,NL,,3B,
ogasami01,Silver Slugger,1999,NL,,1B,
petagro01,Silver Slugger,1999,AL,,1B,
rhodetu01,Silver Slugger,1999,NL,,OF,
rosero01,Silver Slugger,1999,AL,,2B,
sekikko01,Silver Slugger,1999,AL,,OF,
suzukic01,Silver Slugger,1999,NL,,OF,
takahyo01,Silver Slugger,1999,AL,,OF,
taniyo01,Silver Slugger,1999,NL,,OF,
ueharko02,Silver Slugger,1999,AL,,P,
furutat01,Gold Glove,2000,AL,,C,
iwamuak01,Gold Glove,2000,AL,,3B,
jojimke01,Gold Glove,2000,NL,,C,
kosakma01,Gold Glove,2000,NL,,SS,
kudoki01,Gold Glove,2000,AL,,P,
matsuda01,Gold Glove,2000,NL,,P,
matsuhi03,Gold Glove,2000,AL,,OF,
miyamsh02,Gold Glove,2000,AL,,SS,
nakamno01,Gold Glove,2000,NL,,3B,
nishito01,Gold Glove,2000,AL,,2B,
ogasami01,Gold Glove,2000,NL,,1B,
oshimko01,Gold Glove,2000,NL,,2B,
petagro01,Gold Glove,2000,AL,,1B,
shibahi02,Gold Glove,2000,NL,,OF,
shinjts01,Gold Glove,2000,AL,,OF,
suzukic01,Gold Glove,2000,NL,,OF,
tagucso01,Gold Glove,2000,NL,,OF,
takahyo01,Gold Glove,2000,AL,,OF,
matsuhi03,MVP,2000,AL,,,
matsuno03,MVP,2000,NL,,,
kinjota01,Rookie of the Year,2000,AL,,,
etoak01,Silver Slugger,2000,AL,,3B,
furutat01,Silver Slugger,2000,AL,,C,
ishiita02,Silver Slugger,2000,AL,,SS,
jojimke01,Silver Slugger,2000,NL,,C,
kanemto01,Silver Slugger,2000,AL,,OF,
kudoki01,Silver Slugger,2000,AL,,P,
matsuda01,Silver Slugger,2000,NL,,P,
matsuhi03,Silver Slugger,2000,AL,,OF,
matsuka02,Silver Slugger,2000,NL,,SS,
matsuno03,Silver Slugger,2000,NL,,1B,
nakamno01,Silver Slugger,2000,NL,,3B,
obandsh01,Silver Slugger,2000,NL,,OF,
oshimko01,Silver Slugger,2000,NL,,2B,
petagro01,Silver Slugger,2000,AL,,1B,
rosero01,Silver Slugger,2000,AL,,2B,
shibahi02,Silver Slugger,2000,NL,,OF,
shinjts01,Silver Slugger,2000,AL,,OF,
suzukic01,Silver Slugger,2000,NL,,OF,
wilsoni01,Silver Slugger,2000,NL,,,
matsuda01,Cy Young Award,2001,NL,,,
akahono01,Gold Glove,2001,AL,,OF,
furutat01,Gold Glove,2001,AL,,C,
iguchta01,Gold Glove,2001,NL,,2B,
iwamuak01,Gold Glove,2001,AL,,3B,
jojimke01,Gold Glove,2001,NL,,C,
kosakma01,Gold Glove,2001,NL,,SS,
matsuda01,Gold Glove,2001,NL,,P,
matsuhi03,Gold Glove,2001,AL,,OF,
miyamsh02,Gold Glove,2001,AL,,SS,
nakamno01,Gold Glove,2001,NL,,3B,
nishito01,Gold Glove,2001,AL,,2B,
nogucsh01,Gold Glove,2001,AL,,P,
ogasami01,Gold Glove,2001,NL,,1B,
petagro01,Gold Glove,2001,AL,,1B,
shibahi02,Gold Glove,2001,NL,,OF,
tagucso01,Gold Glove,2001,NL,,OF,
takahyo01,Gold Glove,2001,AL,,OF,
taniyo01,Gold Glove,2001,NL,,OF,
petagro01,MVP,2001,AL,,,
rhodetu01,MVP,2001,NL,,,
akahono01,Rookie of the Year,2001,AL,,,
okuboma01,Rookie of the Year,2001,NL,,,
bolicfr01,Silver Slugger,2001,NL,,3B,
diazed01,Silver Slugger,2001,AL,,2B,
etoak01,Silver Slugger,2001,AL,,3B,
fujiish01,Silver Slugger,2001,AL,,P,
furutat01,Silver Slugger,2001,AL,,C,
iguchta01,Silver Slugger,2001,NL,,2B,
inabaat01,Silver Slugger,2001,AL,,OF,
ishiita02,Silver Slugger,2001,AL,,SS,
isobeko01,Silver Slugger,2001,NL,,OF,
jojimke01,Silver Slugger,2001,NL,,C,
kanemto01,Silver Slugger,2001,AL,,OF,
matsuda01,Silver Slugger,2001,NL,,P,
matsuhi03,Silver Slugger,2001,AL,,OF,
matsuka02,Silver Slugger,2001,NL,,SS,
nakamno01,Silver Slugger,2001,NL,,3B,
ogasami01,Silver Slugger,2001,NL,,1B,
petagro01,Silver Slugger,2001,AL,,1B,
rhodetu01,Silver Slugger,2001,NL,,OF,
taniyo01,Silver Slugger,2001,NL,,OF,
ueharko02,Cy Young Award,2002,AL,,,
abesh02,Gold Glove,2002,AL,,C,
fukudko03,Gold Glove,2002,AL,,OF,
ideta01,Gold Glove,2002,NL,,OF,
iwamuak01,Gold Glove,2002,AL,,3B,
jojimke01,Gold Glove,2002,NL,,C,
kuwatma01,Gold Glove,2002,AL,,P,
matsuhi03,Gold Glove,2002,AL,,OF,
matsuka02,Gold Glove,2002,NL,,SS,
miyamsh02,Gold Glove,2002,AL,,SS,
nakamno01,Gold Glove,2002,NL,,3B,
nishifu01,Gold Glove,2002,NL,,P,
nishito01,Gold Glove,2002,AL,,2B,
ogasami01,Gold Glove,2002,NL,,1B,
ozekita01,Gold Glove,2002,NL,,OF,
petagro01,Gold Glove,2002,AL,,1B,
takaghi02,Gold Glove,2002,NL,,2B,
takahyo01,Gold Glove,2002,AL,,OF,
taniyo01,Gold Glove,2002,NL,,OF,
cabreal01,MVP,2002,NL,,,
matsuhi03,MVP,2002,AL,,,
ishikma02,Rookie of the Year,2002,AL,,,
shodait01,Rookie of the Year,2002,NL,,,
abesh02,Silver Slugger,2002,AL,,C,
cabreal01,Silver Slugger,2002,NL,,1B,
fukudko03,Silver Slugger,2002,AL,,OF,
ibatahi01,Silver Slugger,2002,AL,,SS,
imaokma01,Silver Slugger,2002,AL,,2B,
itots01,Silver Slugger,2002,NL,,C,
iwamuak01,Silver Slugger,2002,AL,,3B,
matsuhi03,Silver Slugger,2002,AL,,OF,
matsuka02,Silver Slugger,2002,NL,,SS,
nakamno01,Silver Slugger,2002,NL,,3B,
ozekita01,Silver Slugger,2002,NL,,OF,
petagro01,Silver Slugger,2002,AL,,1B,
powelje01,Silver Slugger,2002,NL,,P,
rhodetu01,Silver Slugger,2002,NL,,OF,
shimita03,Silver Slugger,2002,AL,,OF,
takaghi02,Silver Slugger,2002,NL,,2B,
taniyo01,Silver Slugger,2002,NL,,OF,
ueharko02,Silver Slugger,2002,AL,,P,
wadaka01,Silver Slugger,2002,NL,,OF,
igawake01,Cy Young Award,2003,AL,,,
saitoka01,Cy Young Award,2003,NL,,,
akahono01,Gold Glove,2003,AL,,OF,
ariasge01,Gold Glove,2003,AL,,1B,
fukudko03,Gold Glove,2003,AL,,OF,
fukurka01,Gold Glove,2003,NL,,1B,
iguchta01,Gold Glove,2003,NL,,2B,
imaokma01,Gold Glove,2003,AL,,2B,
jojimke01,Gold Glove,2003,NL,,C,
matsuda01,Gold Glove,2003,NL,,P,
matsuka02,Gold Glove,2003,NL,,SS,
miyamsh02,Gold Glove,2003,AL,,SS,
muramar01,Gold Glove,2003,NL,,OF,
ogasami01,Gold Glove,2003,NL,,3B,
omurana01,Gold Glove,2003,NL,,OF,
shibahi02,Gold Glove,2003,NL,,OF,
takahyo01,Gold Glove,2003,AL,,OF,
taniyo01,Gold Glove,2003,NL,,OF,
tatsuka01,Gold Glove,2003,AL,,3B,
ueharko02,Gold Glove,2003,AL,,P,
yanoak01,Gold Glove,2003,AL,,C,
igawake01,MVP,2003,AL,,,
jojimke01,MVP,2003,NL,,,
kisanhi01,Rookie of the Year,2003,AL,,,
wadats01,Rookie of the Year,2003,NL,,,
akahono01,Silver Slugger,2003,AL,,OF,
ariasge01,Silver Slugger,2003,AL,,1B,
cabreal01,Silver Slugger,2003,NL,,1B,
fukudko03,Silver Slugger,2003,AL,,OF,
igawake01,Silver Slugger,2003,AL,,P,
iguchta01,Silver Slugger,2003,NL,,2B,
imaokma01,Silver Slugger,2003,AL,,2B,
jojimke01,Silver Slugger,2003,NL,,C,
matsuka02,Silver Slugger,2003,NL,,SS,
matsuno03,Silver Slugger,2003,NL,,1B,
niokato01,Silver Slugger,2003,AL,,SS,
ogasami01,Silver Slugger,2003,NL,,3B,
ramiral01,Silver Slugger,2003,AL,,OF,
rhodetu01,Silver Slugger,2003,NL,,OF,
saitoka01,Silver Slugger,2003,NL,,P,
suzukke04,Silver Slugger,2003,AL,,3B,
taniyo01,Silver Slugger,2003,NL,,OF,
wadaka01,Silver Slugger,2003,NL,,OF,
yanoak01,Silver Slugger,2003,AL,,C,
kawakke01,Cy Young Award,2004,AL,,,
akahono01,Gold Glove,2004,AL,,OF,
arakima01,Gold Glove,2004,AL,,2B,
furutat01,Gold Glove,2004,AL,,C,
ibatahi01,Gold Glove,2004,AL,,SS,
iguchta01,Gold Glove,2004,NL,,2B,
iwamuak01,Gold Glove,2004,AL,,3B,
jojimke01,Gold Glove,2004,NL,,C,
kawakke01,Gold Glove,2004,AL,,P,
kawasmu01,Gold Glove,2004,NL,,SS,
kuramhi01,Gold Glove,2004,AL,,OF,
matsuda01,Gold Glove,2004,NL,,P,
matsuno03,Gold Glove,2004,NL,,1B,
muramar01,Gold Glove,2004,NL,,OF,
nakamno01,Gold Glove,2004,NL,,3B,
ochoaal01,Gold Glove,2004,AL,,OF,
shinjts01,Gold Glove,2004,NL,,OF,
taniyo01,Gold Glove,2004,NL,,OF,
watanhi02,Gold Glove,2004,AL,,1B,
kawakke01,MVP,2004,AL,,,
matsuno03,MVP,2004,NL,,,
kawasry01,Rookie of the Year,2004,AL,,,
miseko01,Rookie of the Year,2004,NL,,,
arakima01,Silver Slugger,2004,AL,,2B,
furutat01,Silver Slugger,2004,AL,,C,
ibatahi01,Silver Slugger,2004,AL,,SS,
iguchta01,Silver Slugger,2004,NL,,2B,
iwakuhi01,Silver Slugger,2004,NL,,P,
jojimke01,Silver Slugger,2004,NL,,C,
kanemto01,Silver Slugger,2004,AL,,OF,
kawakke01,Silver Slugger,2004,AL,,P,
kawasmu01,Silver Slugger,2004,NL,,SS,
larocgr01,Silver Slugger,2004,AL,,2B,
matsuno03,Silver Slugger,2004,NL,,1B,
ogasami01,Silver Slugger,2004,NL,,3B,
rhodetu01,Silver Slugger,2004,AL,,OF,
seguife01,Silver Slugger,2004,NL,,1B,
shimash01,Silver Slugger,2004,AL,,OF,
shinjts01,Silver Slugger,2004,NL,,OF,
taniyo01,Silver Slugger,2004,NL,,OF,
tatsuka01,Silver Slugger,2004,AL,,3B,
wadaka01,Silver Slugger,2004,NL,,OF,
woodsty01,Silver Slugger,2004,AL,,1B,
sugiuto02,Cy Young Award,2005,NL,,,
akahono01,Gold Glove,2005,AL,,OF,
arakima01,Gold Glove,2005,AL,,2B,
fukudko03,Gold Glove,2005,AL,,OF,
fukurka01,Gold Glove,2005,NL,,1B,
ibatahi01,Gold Glove,2005,AL,,SS,
imaeto01,Gold Glove,2005,NL,,3B,
iwamuak01,Gold Glove,2005,AL,,3B,
jojimke01,Gold Glove,2005,NL,,C,
kinjota01,Gold Glove,2005,AL,,OF,
kosakma01,Gold Glove,2005,NL,,SS,
kurodhi02,Gold Glove,2005,AL,,P,
matsuda01,Gold Glove,2005,NL,,P,
omurana01,Gold Glove,2005,NL,,OF,
omurasa01,Gold Glove,2005,NL,,OF,
sheetan01,Gold Glove,2005,AL,,1B,
shinjts01,Gold Glove,2005,NL,,OF,
yanoak01,Gold Glove,2005,AL,,C,
kanemto01,MVP,2005,AL,,,
sugiuto02,MVP,2005,NL,,,
aokino01,Rookie of the Year,2005,AL,,,
kuboya01,Rookie of the Year,2005,NL,,,
akahono01,Silver Slugger,2005,AL,,OF,
aokino01,Silver Slugger,2005,AL,,OF,
araita01,Silver Slugger,2005,AL,,3B,
arakima01,Silver Slugger,2005,AL,,2B,
francma02,Silver Slugger,2005,NL,,OF,
horiko01,Silver Slugger,2005,NL,,2B,
ibatahi01,Silver Slugger,2005,AL,,SS,
imaeto01,Silver Slugger,2005,NL,,3B,
imaokma01,Silver Slugger,2005,AL,,3B,
jojimke01,Silver Slugger,2005,NL,,C,
kanemto01,Silver Slugger,2005,AL,,OF,
kurodhi02,Silver Slugger,2005,AL,,P,
matsuno03,Silver Slugger,2005,NL,,OF,
miyajka01,Silver Slugger,2005,NL,,OF,
sugiuto02,Silver Slugger,2005,NL,,P,
wadaka01,Silver Slugger,2005,NL,,OF,
yanoak01,Silver Slugger,2005,AL,,C,
zuletju01,Silver Slugger,2005,NL,,1B,
saitoka01,Cy Young Award,2006,NL,,,
akahono01,Gold Glove,2006,AL,,OF,
aokino01,Gold Glove,2006,AL,,OF,
arakima01,Gold Glove,2006,AL,,2B,
fukudko03,Gold Glove,2006,AL,,OF,
ibatahi01,Gold Glove,2006,AL,,SS,
imaeto01,Gold Glove,2006,NL,,3B,
inabaat01,Gold Glove,2006,NL,,OF,
iwamuak01,Gold Glove,2006,AL,,3B,
kawakke01,Gold Glove,2006,AL,,P,
kawasmu01,Gold Glove,2006,NL,,SS,
matsuda01,Gold Glove,2006,NL,,P,
morimhi01,Gold Glove,2006,NL,,OF,
ogasami01,Gold Glove,2006,NL,,1B,
satozto01,Gold Glove,2006,NL,,C,
sheetan01,Gold Glove,2006,AL,,1B,
shinjts01,Gold Glove,2006,NL,,OF,
tanakke02,Gold Glove,2006,NL,,2B,
tanismo01,Gold Glove,2006,AL,,C,
fukudko03,MVP,2006,AL,,,
ogasami01,MVP,2006,NL,,,
soyogei01,Rookie of the Year,2006,AL,,,
yagito01,Rookie of the Year,2006,NL,,,
aokino01,Silver Slugger,2006,AL,,OF,
arakima01,Silver Slugger,2006,AL,,2B,
fukudko03,Silver Slugger,2006,AL,,OF,
ibatahi01,Silver Slugger,2006,AL,,SS,
inabaat01,Silver Slugger,2006,NL,,OF,
iwamuak01,Silver Slugger,2006,AL,,3B,
kanemto01,Silver Slugger,2006,AL,,OF,
kawakke01,Silver Slugger,2006,AL,,P,
kawasmu01,Silver Slugger,2006,NL,,SS,
matsuno03,Silver Slugger,2006,NL,,OF,
ogasami01,Silver Slugger,2006,NL,,1B,
saitoka01,Silver Slugger,2006,NL,,P,
satozto01,Silver Slugger,2006,NL,,C,
seguife01,Silver Slugger,2006,NL,,1B,
tanakke02,Silver Slugger,2006,NL,,2B,
wadaka01,Silver Slugger,2006,NL,,OF,
woodsty01,Silver Slugger,2006,AL,,1B,
yanoak01,Silver Slugger,2006,AL,,C,
darviyu01,Cy Young Award,2007,NL,,,
aokino01,Gold Glove,2007,AL,,OF,
arakima01,Gold Glove,2007,AL,,2B,
darviyu01,Gold Glove,2007,NL,,P,
fukurka01,Gold Glove,2007,NL,,1B,
ibatahi01,Gold Glove,2007,AL,,SS,
imaeto01,Gold Glove,2007,NL,,3B,
inabaat01,Gold Glove,2007,NL,,OF,
kawakke01,Gold Glove,2007,AL,,P,
kinjota01,Gold Glove,2007,AL,,OF,
morimhi01,Gold Glove,2007,NL,,OF,
nakamno01,Gold Glove,2007,AL,,3B,
omurasa01,Gold Glove,2007,NL,,OF,
satozto01,Gold Glove,2007,NL,,C,
sheetan01,Gold Glove,2007,AL,,1B,
takahyo01,Gold Glove,2007,AL,,OF,
tanakke02,Gold Glove,2007,NL,,2B,
tanismo01,Gold Glove,2007,AL,,C,
darviyu01,MVP,2007,NL,,,
ogasami01,MVP,2007,AL,,,
tanakma01,Rookie of the Year,2007,NL,,,
uezonke01,Rookie of the Year,2007,AL,,,
abesh02,Silver Slugger,2007,AL,,C,
aokino01,Silver Slugger,2007,AL,,OF,
cabreal01,Silver Slugger,2007,NL,,1B,
darviyu01,Silver Slugger,2007,NL,,P,
ibatahi01,Silver Slugger,2007,AL,,SS,
inabaat01,Silver Slugger,2007,NL,,OF,
larocgr01,Silver Slugger,2007,NL,,3B,
morimhi01,Silver Slugger,2007,NL,,OF,
ogasami01,Silver Slugger,2007,AL,,3B,
omurana01,Silver Slugger,2007,NL,,OF,
ramiral01,Silver Slugger,2007,AL,,OF,
satozto01,Silver Slugger,2007,NL,,C,
takahhi04,Silver Slugger,2007,AL,,P,
takahyo01,Silver Slugger,2007,AL,,OF,
tanakhi01,Silver Slugger,2007,AL,,2B,
tanakke02,Silver Slugger,2007,NL,,2B,
woodsty01,Silver Slugger,2007,AL,,1B,
yamasta02,Silver Slugger,2007,NL,,1B,
iwakuhi01,Cy Young Award,2008,NL,,,
abesh02,Gold Glove,2008,AL,,C,
akahono01,Gold Glove,2008,AL,,OF,
aokino01,Gold Glove,2008,AL,,OF,
araita01,Gold Glove,2008,AL,,1B,
arakima01,Gold Glove,2008,AL,,2B,
cabreal01,Gold Glove,2008,NL,,1B,
darviyu01,Gold Glove,2008,NL,,P,
hosokto01,Gold Glove,2008,NL,,C,
ibatahi01,Gold Glove,2008,AL,,SS,
imaeto01,Gold Glove,2008,NL,,3B,
inabaat01,Gold Glove,2008,NL,,OF,
ishikma02,Gold Glove,2008,AL,,P,
kurihke01,Gold Glove,2008,AL,,1B,
morimhi01,Gold Glove,2008,NL,,OF,
nakajhi01,Gold Glove,2008,NL,,SS,
nakamno01,Gold Glove,2008,AL,,3B,
sakagto01,Gold Glove,2008,NL,,OF,
suzukta01,Gold Glove,2008,AL,,OF,
tanakke02,Gold Glove,2008,NL,,2B,
iwakuhi01,MVP,2008,NL,,,
ramiral01,MVP,2008,AL,,,
komatsa01,Rookie of the Year,2008,NL,,,
yamagte01,Rookie of the Year,2008,AL,,,
abesh02,Silver Slugger,2008,AL,,C,
aokino01,Silver Slugger,2008,AL,,OF,
cabreal01,Silver Slugger,2008,NL,,1B,
greisse01,Silver Slugger,2008,AL,,P,
higasak01,Silver Slugger,2008,AL,,2B,
hosokto01,Silver Slugger,2008,NL,,C,
inabaat01,Silver Slugger,2008,NL,,OF,
iwakuhi01,Silver Slugger,2008,NL,,P,
kanemto01,Silver Slugger,2008,AL,,OF,
kataoya01,Silver Slugger,2008,NL,,2B,
kuriyta01,Silver Slugger,2008,NL,,OF,
muratsh01,Silver Slugger,2008,AL,,3B,
nakajhi01,Silver Slugger,2008,NL,,SS,
nakamta03,Silver Slugger,2008,NL,,3B,
ramiral01,Silver Slugger,2008,AL,,OF,
rhodetu01,Silver Slugger,2008,NL,,OF,
shortri01,Silver Slugger,2008,NL,,OF,
toritta01,Silver Slugger,2008,AL,,SS,
uchikse01,Silver Slugger,2008,AL,,1B,
wakuihi01,Cy Young Award,2009,NL,,,
aokino01,Gold Glove,2009,AL,,OF,
arakima01,Gold Glove,2009,AL,,2B,
gonzadi01,Gold Glove,2009,AL,,P,
ibatahi01,Gold Glove,2009,AL,,SS,
inabaat01,Gold Glove,2009,NL,,OF,
itoiyo01,Gold Glove,2009,NL,,OF,
kameiyo01,Gold Glove,2009,AL,,OF,
kanekma01,Gold Glove,2009,NL,,SS,
koyanei01,Gold Glove,2009,NL,,3B,
kurihke01,Gold Glove,2009,AL,,1B,
matsute01,Gold Glove,2009,AL,,OF,
miyamsh02,Gold Glove,2009,AL,,3B,
sakagto01,Gold Glove,2009,NL,,OF,
takahsh03,Gold Glove,2009,NL,,1B,
tanakke02,Gold Glove,2009,NL,,2B,
tanismo01,Gold Glove,2009,AL,,C,
tsurush01,Gold Glove,2009,NL,,C,
wakuihi01,Gold Glove,2009,NL,,P,
darviyu01,MVP,2009,NL,,,
ramiral01,MVP,2009,AL,,,
matsute01,Rookie of the Year,2009,AL,,,
settsta01,Rookie of the Year,2009,NL,,,
abesh02,Silver Slugger,2009,AL,,C,
aokino01,Silver Slugger,2009,AL,,OF,
blancto01,Silver Slugger,2009,AL,,1B,
darviyu01,Silver Slugger,2009,NL,,P,
gonzadi01,Silver Slugger,2009,AL,,P,
higasak01,Silver Slugger,2009,AL,,2B,
inabaat01,Silver Slugger,2009,NL,,OF,
itoiyo01,Silver Slugger,2009,NL,,OF,
nakajhi01,Silver Slugger,2009,NL,,SS,
nakamta03,Silver Slugger,2009,NL,,3B,
ogasami01,Silver Slugger,2009,AL,,3B,
ramiral01,Silver Slugger,2009,AL,,OF,
sakamha02,Silver Slugger,2009,AL,,SS,
takahsh03,Silver Slugger,2009,NL,,1B,
tanakke02,Silver Slugger,2009,NL,,2B,
tanoehi01,Silver Slugger,2009,NL,,C,
tsuchte01,Silver Slugger,2009,NL,,OF,
uchikse01,Silver Slugger,2009,AL,,OF,
yamasta02,Silver Slugger,2009,NL,,1B,
maedake02,Cy Young Award,2010,AL,,,
akamama01,Gold Glove,2010,AL,,OF,
aokino01,Gold Glove,2010,AL,,OF,
hiranke01,Gold Glove,2010,AL,,2B,
hirosju01,Gold Glove,2010,AL,,OF,
itoiyo01,Gold Glove,2010,NL,,OF,
jojimke01,Gold Glove,2010,AL,,C,
kokubhi01,Gold Glove,2010,NL,,1B,
koyanei01,Gold Glove,2010,NL,,3B,
kuriyta01,Gold Glove,2010,NL,,OF,
maedake02,Gold Glove,2010,AL,,P,
miyamsh02,Gold Glove,2010,AL,,3B,
sakagto01,Gold Glove,2010,NL,,OF,
shimamo01,Gold Glove,2010,NL,,C,
soyogei01,Gold Glove,2010,AL,,SS,
tanakke02,Gold Glove,2010,NL,,2B,
wakuihi01,Gold Glove,2010,NL,,P,
wadaka01,MVP,2010,AL,,,
wadats01,MVP,2010,NL,,,
chonohi01,Rookie of the Year,2010,AL,,,
sakakry01,Rookie of the Year,2010,NL,,,
abesh02,Silver Slugger,2010,AL,,C,
aokino01,Silver Slugger,2010,AL,,OF,
brazecr01,Silver Slugger,2010,AL,,1B,
cabreal01,Silver Slugger,2010,NL,,1B,
fukurka01,Silver Slugger,2010,NL,,1B,
hiranke01,Silver Slugger,2010,AL,,2B,
koyanei01,Silver Slugger,2010,NL,,3B,
kuriyta01,Silver Slugger,2010,NL,,OF,
maedake02,Silver Slugger,2010,AL,,P,
morinma01,Silver Slugger,2010,AL,,3B,
murtoma01,Silver Slugger,2010,AL,,OF,
okadata01,Silver Slugger,2010,NL,,OF,
shimamo01,Silver Slugger,2010,NL,,C,
tamurhi01,Silver Slugger,2010,NL,,OF,
tanakke02,Silver Slugger,2010,NL,,2B,
toritta01,Silver Slugger,2010,AL,,SS,
wadaka01,Silver Slugger,2010,AL,,OF,
wadats01,Silver Slugger,2010,NL,,P,
tanakma01,Cy Young Award,2011,NL,,,
aokino01,Gold Glove,2011,AL,,OF,
asaota01,Gold Glove,2011,AL,,P,
chonohi01,Gold Glove,2011,AL,,OF,
hiranke01,Gold Glove,2011,AL,,2B,
hondayu01,Gold Glove,2011,NL,,2B,
hosokto01,Gold Glove,2011,NL,,C,
itoiyo01,Gold Glove,2011,NL,,OF,
kokubhi01,Gold Glove,2011,NL,,1B,
kurihke01,Gold Glove,2011,AL,,1B,
matsuno01,Gold Glove,2011,NL,,3B,
miyamsh02,Gold Glove,2011,AL,,3B,
nakajhi01,Gold Glove,2011,NL,,SS,
ohshiyo01,Gold Glove,2011,AL,,OF,
okadayo01,Gold Glove,2011,NL,,OF,
sakagto01,Gold Glove,2011,NL,,OF,
tanakma01,Gold Glove,2011,NL,,P,
tanismo01,Gold Glove,2011,AL,,C,
toritta01,Gold Glove,2011,AL,,SS,
asaota01,MVP,2011,AL,,,
uchikse01,MVP,2011,NL,,,
makitka01,Rookie of the Year,2011,NL,,,
sawamhi01,Rookie of the Year,2011,AL,,,
abesh02,Silver Slugger,2011,AL,,C,
aokino01,Silver Slugger,2011,AL,,OF,
chonohi01,Silver Slugger,2011,AL,,OF,
hiranke01,Silver Slugger,2011,AL,,2B,
hondayu01,Silver Slugger,2011,NL,,2B,
hosokto01,Silver Slugger,2011,NL,,C,
itoiyo01,Silver Slugger,2011,NL,,OF,
kokubhi01,Silver Slugger,2011,NL,,1B,
kurihke01,Silver Slugger,2011,AL,,1B,
kuriyta01,Silver Slugger,2011,NL,,OF,
miyamsh02,Silver Slugger,2011,AL,,3B,
murtoma01,Silver Slugger,2011,AL,,OF,
nakajhi01,Silver Slugger,2011,NL,,SS,
nakamta03,Silver Slugger,2011,NL,,3B,
tanakma01,Silver Slugger,2011,NL,,P,
toritta01,Silver Slugger,2011,AL,,SS,
uchikse01,Silver Slugger,2011,NL,,OF,
yoshika03,Silver Slugger,2011,AL,,P,
settsta01,Cy Young Award,2012,NL,,,
aranash01,Gold Glove,2012,AL,,OF,
chonohi01,Gold Glove,2012,AL,,OF,
hatakka01,Gold Glove,2012,AL,,1B,
hondayu01,Gold Glove,2012,NL,,2B,
ibatahi01,Gold Glove,2012,AL,,SS,
inabaat01,Gold Glove,2012,NL,,1B,
itoiyo01,Gold Glove,2012,NL,,OF,
koyanei01,Gold Glove,2012,NL,,3B,
maedake02,Gold Glove,2012,AL,,P,
miyamsh02,Gold Glove,2012,AL,,3B,
nakajhi01,Gold Glove,2012,NL,,SS,
ohshiyo01,Gold Glove,2012,AL,,OF,
okadayo01,Gold Glove,2012,NL,,OF,
sumitgi01,Gold Glove,2012,NL,,C,
tanakhi01,Gold Glove,2012,AL,,2B,
tanakma01,Gold Glove,2012,NL,,P,
tanismo01,Gold Glove,2012,AL,,C,
yohda01,Gold Glove,2012,NL,,OF,
abesh02,MVP,2012,AL,,,
yoshimi01,MVP,2012,NL,,,
masudna01,Rookie of the Year,2012,NL,,,
nomuryu02,Rookie of the Year,2012,AL,,,
abesh02,Silver Slugger,2012,AL,,C,
balenwl01,Silver Slugger,2012,AL,,OF,
blancto01,Silver Slugger,2012,AL,,1B,
chonohi01,Silver Slugger,2012,AL,,OF,
ide02,Silver Slugger,2012,NL,,1B,
itoiyo01,Silver Slugger,2012,NL,,OF,
kakunka01,Silver Slugger,2012,NL,,OF,
mopenwi01,Silver Slugger,2012,NL,,OF,
muratsh01,Silver Slugger,2012,AL,,3B,
nakajhi01,Silver Slugger,2012,NL,,SS,
nakamta03,Silver Slugger,2012,NL,,1B,
ohshiyo01,Silver Slugger,2012,AL,,OF,
sakamha02,Silver Slugger,2012,AL,,SS,
tanakhi01,Silver Slugger,2012,AL,,2B,
tanakke02,Silver Slugger,2012,NL,,2B,
tsurush01,Silver Slugger,2012,NL,,C,
uchikse01,Silver Slugger,2012,NL,,OF,
utsumte01,Silver Slugger,2012,AL,,P,
yoshimi01,Silver Slugger,2012,NL,,P,
tanakma01,Cy Young Award,2013,NL,,,
abesh02,Gold Glove,2013,AL,,C,
akiyash01,Gold Glove,2013,NL,,OF,
aranash01,Gold Glove,2013,AL,,OF,
asamuhi01,Gold Glove,2013,NL,,1B,
chonohi01,Gold Glove,2013,AL,,OF,
fujitka02,Gold Glove,2013,NL,,2B,
imamike01,Gold Glove,2013,NL,,SS,
itoiyo01,Gold Glove,2013,NL,,OF,
kikucry01,Gold Glove,2013,AL,,2B,
lopezjo01,Gold Glove,2013,AL,,1B,
maedake02,Gold Glove,2013,AL,,P,
maruyo01,Gold Glove,2013,AL,,OF,
matsuno01,Gold Glove,2013,NL,,3B,
muratsh01,Gold Glove,2013,AL,,3B,
shimamo01,Gold Glove,2013,NL,,C,
tanakma01,Gold Glove,2013,NL,,P,
toritta01,Gold Glove,2013,AL,,SS,
yohda01,Gold Glove,2013,NL,,OF,
balenwl01,MVP,2013,AL,,,
tanakma01,MVP,2013,NL,,,
norimta01,Rookie of the Year,2013,NL,,,
ogawaya01,Rookie of the Year,2013,AL,,,
abesh02,Silver Slugger,2013,AL,,C,
abreumi01,Silver Slugger,2013,NL,,1B,
asamuhi01,Silver Slugger,2013,NL,,1B,
balenwl01,Silver Slugger,2013,AL,,OF,
blancto01,Silver Slugger,2013,AL,,1B,
chonohi01,Silver Slugger,2013,AL,,OF,
fujitka02,Silver Slugger,2013,NL,,2B,
hasegyu01,Silver Slugger,2013,NL,,OF,
maedake02,Silver Slugger,2013,AL,,P,
mcgehca01,Silver Slugger,2013,NL,,3B,
muratsh01,Silver Slugger,2013,AL,,3B,
murtoma01,Silver Slugger,2013,AL,,OF,
nakatsh03,Silver Slugger,2013,NL,,OF,
shimamo01,Silver Slugger,2013,NL,,C,
suzukda01,Silver Slugger,2013,NL,,SS,
tanakma01,Silver Slugger,2013,NL,,P,
toritta01,Silver Slugger,2013,AL,,SS,
uchikse01,Silver Slugger,2013,NL,,OF,
kanekch01,Cy Young Award,2014,NL,,,
abesh02,Gold Glove,2014,AL,,C,
fujitka02,Gold Glove,2014,NL,,2B,
imamike01,Gold Glove,2014,NL,,SS,
itohhi02,Gold Glove,2014,NL,,C,
itoiyo01,Gold Glove,2014,NL,,OF,
kanekch01,Gold Glove,2014,NL,,P,
kikucry01,Gold Glove,2014,AL,,2B,
maedake02,Gold Glove,2014,AL,,P,
maedaya01,Gold Glove,2014,AL,,OF,
maruyo01,Gold Glove,2014,AL,,OF,
matsuno01,Gold Glove,2014,NL,,3B,
morinma01,Gold Glove,2014,AL,,1B,
muratsh01,Gold Glove,2014,AL,,3B,
ohshiyo01,Gold Glove,2014,AL,,OF,
okadata01,Gold Glove,2014,NL,,1B,
toritta01,Gold Glove,2014,AL,,SS,
yanagyu02,Gold Glove,2014,NL,,OF,
yohda01,Gold Glove,2014,NL,,OF,
kanekch01,MVP,2014,NL,,,
suganto01,MVP,2014,AL,,,
ishikay01,Rookie of the Year,2014,NL,,,
ohserda01,Rookie of the Year,2014,AL,,,
abesh02,Silver Slugger,2014,AL,,C,
akamigi01,Silver Slugger,2014,NL,,1B,
fujitka02,Silver Slugger,2014,NL,,2B,
gomezma01,Silver Slugger,2014,AL,,1B,
imamike01,Silver Slugger,2014,NL,,SS,
itohhi02,Silver Slugger,2014,NL,,C,
itoiyo01,Silver Slugger,2014,NL,,OF,
kanekch01,Silver Slugger,2014,NL,,P,
lunahe01,Silver Slugger,2014,AL,,3B,
maruyo01,Silver Slugger,2014,AL,,OF,
mejiaer01,Silver Slugger,2014,NL,,1B,
murtoma01,Silver Slugger,2014,AL,,OF,
nakamta03,Silver Slugger,2014,NL,,3B,
nakatsh03,Silver Slugger,2014,NL,,OF,
suganto01,Silver Slugger,2014,AL,,P,
takaiyu01,Silver Slugger,2014,AL,,OF,
toritta01,Silver Slugger,2014,AL,,SS,
yamadte01,Silver Slugger,2014,AL,,2B,
yanagyu02,Silver Slugger,2014,NL,,OF,
maedake02,Cy Young Award,2015,AL,,,
akiyash01,Gold Glove,2015,NL,,OF,
cruzlu01,Gold Glove,2015,NL,,2B,
fukudko03,Gold Glove,2015,AL,,OF,
hatakka01,Gold Glove,2015,AL,,1B,
imamike01,Gold Glove,2015,NL,,SS,
kawabsh01,Gold Glove,2015,AL,,3B,
kikucry01,Gold Glove,2015,AL,,2B,
kiyotik01,Gold Glove,2015,NL,,OF,
maedake02,Gold Glove,2015,AL,,P,
maruyo01,Gold Glove,2015,AL,,OF,
matsuno01,Gold Glove,2015,NL,,3B,
nakamyu05,Gold Glove,2015,AL,,C,
nakatsh03,Gold Glove,2015,NL,,1B,
ohshiyo01,Gold Glove,2015,AL,,OF,
sumitgi01,Gold Glove,2015,NL,,C,
toritta01,Gold Glove,2015,AL,,SS,
wakuihi01,Gold Glove,2015,NL,,P,
yanagyu02,Gold Glove,2015,NL,,OF,
yamadte01,MVP,2015,AL,,,
yanagyu02,MVP,2015,NL,,,
arihako01,Rookie of the Year,2015,NL,,,
yamasya01,Rookie of the Year,2015,AL,,,
akiyash01,Silver Slugger,2015,NL,,OF,
fukudko03,Silver Slugger,2015,AL,,OF,
hatakka01,Silver Slugger,2015,AL,,1B,
hiratry01,Silver Slugger,2015,AL,,OF,
ide02,Silver Slugger,2015,NL,,1B,
kawabsh01,Silver Slugger,2015,AL,,3B,
kiyotik01,Silver Slugger,2015,NL,,OF,
maedake02,Silver Slugger,2015,AL,,P,
nakamta03,Silver Slugger,2015,NL,,3B,
nakamyu05,Silver Slugger,2015,AL,,C,
nakasta01,Silver Slugger,2015,NL,,SS,
nakatsh03,Silver Slugger,2015,NL,,1B,
ohtansh01,Silver Slugger,2015,NL,,P,
sumitgi01,Silver Slugger,2015,NL,,C,
tanakke02,Silver Slugger,2015,NL,,2B,
toritta01,Silver Slugger,2015,AL,,SS,
tsutsyo01,Silver Slugger,2015,AL,,OF,
yamadte01,Silver Slugger,2015,AL,,2B,
yanagyu02,Silver Slugger,2015,NL,,OF,
johnskr01,Cy Young Award,2016,AL,,,
akiyash01,Gold Glove,2016,NL,,OF,
fujitka02,Gold Glove,2016,NL,,2B,
imamike01,Gold Glove,2016,NL,,SS,
ishihyo01,Gold Glove,2016,AL,,C,
itoiyo01,Gold Glove,2016,NL,,OF,
kikucry01,Gold Glove,2016,AL,,2B,
lopezjo01,Gold Glove,2016,AL,,1B,
maruyo01,Gold Glove,2016,AL,,OF,
matsuno01,Gold Glove,2016,NL,,3B,
muratsh01,Gold Glove,2016,AL,,3B,
nakatsh03,Gold Glove,2016,NL,,1B,
ohnosh01,Gold Glove,2016,NL,,C,
ohshiyo01,Gold Glove,2016,AL,,OF,
sakamha02,Gold Glove,2016,AL,,SS,
suganto01,Gold Glove,2016,AL,,P,
suzukse01,Gold Glove,2016,AL,,OF,
wakuihi01,Gold Glove,2016,NL,,P,
yohda01,Gold Glove,2016,NL,,OF,
araita01,MVP,2016,AL,,,
ohtansh01,MVP,2016,NL,,,
takanhi01,Rookie of the Year,2016,NL,,,
takaysh01,Rookie of the Year,2016,AL,,,
araita01,Silver Slugger,2016,AL,,1B,
asamuhi01,Silver Slugger,2016,NL,,2B,
ishihyo01,Silver Slugger,2016,AL,,C,
itoiyo01,Silver Slugger,2016,NL,,OF,
kakunka01,Silver Slugger,2016,NL,,OF,
lairdbr01,Silver Slugger,2016,NL,,3B,
maruyo01,Silver Slugger,2016,AL,,OF,
muratsh01,Silver Slugger,2016,AL,,3B,
nakatsh03,Silver Slugger,2016,NL,,1B,
nishiha02,Silver Slugger,2016,NL,,OF,
nomuryu02,Silver Slugger,2016,AL,,P,
ohtansh01,Silver Slugger,2016,NL,,P,
sakamha02,Silver Slugger,2016,AL,,SS,
suzukda01,Silver Slugger,2016,NL,,SS,
suzukse01,Silver Slugger,2016,AL,,OF,
tamurta01,Silver Slugger,2016,NL,,C,
tsutsyo01,Silver Slugger,2016,AL,,OF,
yamadte01,Silver Slugger,2016,AL,,2B,
suganto01,Cy Young Award,2017,AL,,,
akamigi01,Gold Glove,2017,NL,,1B,
akiyash01,Gold Glove,2017,NL,,OF,
imamike01,Gold Glove,2017,NL,,SS,
kaita01,Gold Glove,2017,NL,,C,
kikucry01,Gold Glove,2017,AL,,2B,
kikucyu01,Gold Glove,2017,NL,,P,
kobayse01,Gold Glove,2017,AL,,C,
kuwahma01,Gold Glove,2017,AL,,OF,
lopezjo01,Gold Glove,2017,AL,,1B,
maruyo01,Gold Glove,2017,AL,,OF,
matsuno01,Gold Glove,2017,NL,,3B,
nishiha02,Gold Glove,2017,NL,,OF,
sakamha02,Gold Glove,2017,AL,,SS,
suganto01,Gold Glove,2017,AL,,P,
suzukda01,Gold Glove,2017,NL,,2B,
suzukse01,Gold Glove,2017,AL,,OF,
toritta01,Gold Glove,2017,AL,,3B,
yanagyu02,Gold Glove,2017,NL,,OF,
maruyo01,MVP,2017,AL,,,
sarfade01,MVP,2017,NL,,,
gendaso01,Rookie of the Year,2017,NL,,,
kyodayo01,Rookie of the Year,2017,AL,,,
aizawts01,Silver Slugger,2017,AL,,C,
akamigi01,Silver Slugger,2017,NL,,1B,
akiyash01,Silver Slugger,2017,NL,,OF,
asamuhi01,Silver Slugger,2017,NL,,2B,
despaal01,Silver Slugger,2017,NL,,OF,
imamike01,Silver Slugger,2017,NL,,SS,
kaita01,Silver Slugger,2017,NL,,C,
kikucry01,Silver Slugger,2017,AL,,2B,
kikucyu01,Silver Slugger,2017,NL,,P,
lopezjo01,Silver Slugger,2017,AL,,1B,
maruyo01,Silver Slugger,2017,AL,,OF,
miyazto01,Silver Slugger,2017,AL,,3B,
nishiha02,Silver Slugger,2017,NL,,OF,
suganto01,Silver Slugger,2017,AL,,P,
suzukse01,Silver Slugger,2017,AL,,OF,
tanakko01,Silver Slugger,2017,AL,,SS,
tsutsyo01,Silver Slugger,2017,AL,,OF,
wheelze01,Silver Slugger,2017,NL,,3B,
yanagyu02,Silver Slugger,2017,NL,,OF,
suganto01,Cy Young Award,2018,AL,,,
akiyash01,Gold Glove,2018,NL,,OF,
gendaso01,Gold Glove,2018,NL,,SS,
hiratry01,Gold Glove,2018,AL,,OF,
kaita01,Gold Glove,2018,NL,,C,
kikucry01,Gold Glove,2018,AL,,2B,
kishita01,Gold Glove,2018,NL,,P,
lopezjo01,Gold Glove,2018,AL,,1B,
maruyo01,Gold Glove,2018,AL,,OF,
matsuno01,Gold Glove,2018,NL,,3B,
miyazto01,Gold Glove,2018,AL,,3B,
nakamsh03,Gold Glove,2018,NL,,2B,
nakatsh03,Gold Glove,2018,NL,,1B,
nishiha02,Gold Glove,2018,NL,,OF,
ohshiyo01,Gold Glove,2018,AL,,OF,
suganto01,Gold Glove,2018,AL,,P,
tanakko01,Gold Glove,2018,AL,,SS,
umenory01,Gold Glove,2018,AL,,C,
yanagyu02,Gold Glove,2018,NL,,OF,
maruyo01,MVP,2018,AL,,,
yamakho01,MVP,2018,NL,,,
azumaka01,Rookie of the Year,2018,AL,,,
tanakka01,Rookie of the Year,2018,NL,,,
aizawts01,Silver Slugger,2018,AL,,C,
akiyash01,Silver Slugger,2018,NL,,OF,
asamuhi01,Silver Slugger,2018,NL,,2B,
gendaso01,Silver Slugger,2018,NL,,SS,
kikucyu01,Silver Slugger,2018,NL,,P,
kondoke01,Silver Slugger,2018,NL,,OF,
maruyo01,Silver Slugger,2018,AL,,OF,
matsuno01,Silver Slugger,2018,NL,,3B,
miyazto01,Silver Slugger,2018,AL,,3B,
morito01,Silver Slugger,2018,NL,,C,
sakamha02,Silver Slugger,2018,AL,,SS,
sotone01,Silver Slugger,2018,AL,,OF,
suganto01,Silver Slugger,2018,AL,,P,
suzukse01,Silver Slugger,2018,AL,,OF,
vicieda01,Silver Slugger,2018,AL,,1B,
yamadte01,Silver Slugger,2018,AL,,2B,
yamakho01,Silver Slugger,2018,NL,,1B,
yanagyu02,Silver Slugger,2018,NL,,OF,
yoshima01,Silver Slugger,2018,NL,,OF,
akiyash01,Gold Glove,2019,NL,,OF,
asamuhi01,Gold Glove,2019,NL,,2B,
gendaso01,Gold Glove,2019,NL,,SS,
kaita01,Gold Glove,2019,NL,,C,
kikucry01,Gold Glove,2019,AL,,2B,
lopezjo01,Gold Glove,2019,AL,,1B,
maruyo01,Gold Glove,2019,AL,,OF,
matsuno01,Gold Glove,2019,NL,,3B,
nishiha02,Gold Glove,2019,NL,,OF,
nishiyu05,Gold Glove,2019,AL,,P,
oginota01,Gold Glove,2019,NL,,OF,
ohshiyo01,Gold Glove,2019,AL,,OF,
sakamha02,Gold Glove,2019,AL,,SS,
sengako01,Gold Glove,2019,NL,,P,
suzukse01,Gold Glove,2019,AL,,OF,
takahsh02,Gold Glove,2019,AL,,3B,
uchikse01,Gold Glove,2019,NL,,1B,
umenory01,Gold Glove,2019,AL,,C,
morito01,MVP,2019,NL,,,
sakamha02,MVP,2019,AL,,,
murakmu01,Rookie of the Year,2019,AL,,,
takahre01,Rookie of the Year,2019,NL,,,
aizawts01,Silver Slugger,2019,AL,,C,
akiyash01,Silver Slugger,2019,NL,,OF,
asamuhi01,Silver Slugger,2019,NL,,2B,
despaal01,Silver Slugger,2019,NL,,OF,
gendaso01,Silver Slugger,2019,NL,,SS,
maruyo01,Silver Slugger,2019,AL,,OF,
morito01,Silver Slugger,2019,NL,,C,
nakamta03,Silver Slugger,2019,NL,,3B,
oginota01,Silver Slugger,2019,NL,,OF,
sakamha02,Silver Slugger,2019,AL,,SS,
sengako01,Silver Slugger,2019,NL,,P,
sotone01,Silver Slugger,2019,AL,,OF,
suzukse01,Silver Slugger,2019,AL,,OF,
takahsh02,Silver Slugger,2019,AL,,3B,
vicieda01,Silver Slugger,2019,AL,,1B,
yamadte01,Silver Slugger,2019,AL,,2B,
yamagsh03,Silver Slugger,2019,AL,,P,
yamakho01,Silver Slugger,2019,NL,,1B,
yoshima01,Silver Slugger,2019,NL,,OF,
ohnoyu01,Cy Young Award,2020,AL,,,
aokino01,Gold Glove,2020,AL,,OF,
gendaso01,Gold Glove,2020,NL,,SS,
kaita01,Gold Glove,2020,NL,,C,
kikucry01,Gold Glove,2020,AL,,2B,
nakamak01,Gold Glove,2020,NL,,1B,
nakatsh03,Gold Glove,2020,NL,,1B,
nishiha02,Gold Glove,2020,NL,,OF,
ohshiyo01,Gold Glove,2020,AL,,OF,
ohtata01,Gold Glove,2020,NL,,OF,
sakamha02,Gold Glove,2020,AL,,SS,
sengako01,Gold Glove,2020,NL,,P,
suganto01,Gold Glove,2020,AL,,P,
suzukda01,Gold Glove,2020,NL,,3B,
suzukse01,Gold Glove,2020,AL,,OF,
takahsh02,Gold Glove,2020,AL,,3B,
tonossh01,Gold Glove,2020,NL,,2B,
umenory01,Gold Glove,2020,AL,,C,
vicieda01,Gold Glove,2020,AL,,1B,
yanagyu02,Gold Glove,2020,NL,,OF,
suganto01,MVP,2020,AL,,,
yanagyu02,MVP,2020,NL,,,
morisma01,Rookie of the Year,2020,AL,,,
tairaka01,Rookie of the Year,2020,NL,,,
asamuhi01,Silver Slugger,2020,NL,,2B,
gendaso01,Silver Slugger,2020,NL,,SS,
kaita01,Silver Slugger,2020,NL,,C,
kikucry01,Silver Slugger,2020,AL,,2B,
kondoke01,Silver Slugger,2020,NL,,OF,
kuriyta01,Silver Slugger,2020,NL,,OF,
maruyo01,Silver Slugger,2020,AL,,OF,
murakmu01,Silver Slugger,2020,AL,,1B,
nakatsh03,Silver Slugger,2020,NL,,1B,
ohshita01,Silver Slugger,2020,AL,,C,
okamoka01,Silver Slugger,2020,AL,,3B,
sakamha02,Silver Slugger,2020,AL,,SS,
sanoke01,Silver Slugger,2020,AL,,OF,
sengako01,Silver Slugger,2020,NL,,P,
suganto01,Silver Slugger,2020,AL,,P,
suzukda01,Silver Slugger,2020,NL,,3B,
suzukse01,Silver Slugger,2020,AL,,OF,
yanagyu02,Silver Slugger,2020,NL,,OF,
yoshima01,Silver Slugger,2020,NL,,OF,
yamamyo01,Cy Young Award,2021,NL,,,
chikako01,Gold Glove,2021,AL,,OF,
gendaso01,Gold Glove,2021,NL,,SS,
kaita01,Gold Glove,2021,NL,,C,
kikucry01,Gold Glove,2021,AL,,2B,
muneyu01,Gold Glove,2021,NL,,3B,
nakamak01,Gold Glove,2021,NL,,1B,
nakamsh03,Gold Glove,2021,NL,,2B,
nakamyu05,Gold Glove,2021,AL,,C,
oginota01,Gold Glove,2021,NL,,OF,
ohshiyo01,Gold Glove,2021,AL,,OF,
okamoka01,Gold Glove,2021,AL,,3B,
sakamha02,Gold Glove,2021,AL,,SS,
suzukse01,Gold Glove,2021,AL,,OF,
tatsury01,Gold Glove,2021,NL,,OF,
vicieda01,Gold Glove,2021,AL,,1B,
yamamyo01,Gold Glove,2021,NL,,P,
yanagyu01,Gold Glove,2021,AL,,P,
yanagyu02,Gold Glove,2021,NL,,OF,
murakmu01,MVP,2021,AL,,,
yamamyo01,MVP,2021,NL,,,
kuribry01,Rookie of the Year,2021,AL,,,
miyaghi01,Rookie of the Year,2021,NL,,,
chikako01,Silver Slugger,2021,AL,,OF,
gendaso01,Silver Slugger,2021,NL,,SS,
kondoke01,Silver Slugger,2021,NL,,OF,
lairdbr01,Silver Slugger,2021,NL,,1B,
marteje01,Silver Slugger,2021,AL,,1B,
morito01,Silver Slugger,2021,NL,,C,
muneyu01,Silver Slugger,2021,NL,,3B,
murakmu01,Silver Slugger,2021,AL,,3B,
nakamsh03,Silver Slugger,2021,NL,,2B,
nakamyu05,Silver Slugger,2021,AL,,C,
sakamha02,Silver Slugger,2021,AL,,SS,
shiomya01,Silver Slugger,2021,AL,,OF,
sugimyu01,Silver Slugger,2021,NL,,OF,
suzukse01,Silver Slugger,2021,AL,,OF,
yamadte01,Silver Slugger,2021,AL,,2B,
yamamyo01,Silver Slugger,2021,NL,,P,
yanagyu01,Silver Slugger,2021,AL,,P,
yanagyu02,Silver Slugger,2021,NL,,OF,
yoshima01,Silver Slugger,2021,NL,,OF,
yamamyo01,Cy Young Award,2022,NL,,,
chikako01,Gold Glove,2022,AL,,OF,
fukudsh01,Gold Glove,2022,NL,,OF,
gendaso01,Gold Glove,2022,NL,,SS,
kaita01,Gold Glove,2022,NL,,C,
kikucry01,Gold Glove,2022,AL,,2B,
morisma01,Gold Glove,2022,AL,,P,
muneyu01,Gold Glove,2022,NL,,3B,
nagaohi01,Gold Glove,2022,AL,,SS,
nakamak01,Gold Glove,2022,NL,,1B,
nakamyu05,Gold Glove,2022,AL,,C,
nakatsh03,Gold Glove,2022,AL,,1B,
okabayu01,Gold Glove,2022,AL,,OF,
okamoka01,Gold Glove,2022,AL,,3B,
shiomya01,Gold Glove,2022,AL,,OF,
takabak01,Gold Glove,2022,NL,,OF,
tatsury01,Gold Glove,2022,NL,,OF,
tonossh01,Gold Glove,2022,NL,,2B,
yamamyo01,Gold Glove,2022,NL,,P,
murakmu01,MVP,2022,AL,,,
yamamyo01,MVP,2022,NL,,,
mizukyo01,Rookie of the Year,2022,NL,,,
otata01,Rookie of the Year,2022,AL,,,
aoyagko01,Silver Slugger,2022,AL,,P,
asamuhi01,Silver Slugger,2022,NL,,2B,
chikako01,Silver Slugger,2022,AL,,OF,
imamike01,Silver Slugger,2022,NL,,SS,
kaita01,Silver Slugger,2022,NL,,C,
makish01,Silver Slugger,2022,AL,,2B,
matsugo01,Silver Slugger,2022,NL,,OF,
muneyu01,Silver Slugger,2022,NL,,3B,
murakmu01,Silver Slugger,2022,AL,,3B,
nakamyu05,Silver Slugger,2022,AL,,C,
nakanta01,Silver Slugger,2022,AL,,SS,
okabayu01,Silver Slugger,2022,AL,,OF,
osunajo01,Silver Slugger,2022,AL,,1B,
sanoke01,Silver Slugger,2022,AL,,OF,
shimahi03,Silver Slugger,2022,NL,,OF,
yamakho01,Silver Slugger,2022,NL,,1B,
yamamyo01,Silver Slugger,2022,NL,,P,
yanagyu02,Silver Slugger,2022,NL,,OF,
yoshima01,Silver Slugger,2022,NL,,OF,
yamamyo01,Cy Young Award,2023,NL,,,
azumaka01,Gold Glove,2023,AL,,P,
chikako01,Gold Glove,2023,AL,,OF,
gendaso01,Gold Glove,2023,NL,,SS,
kinamse01,Gold Glove,2023,AL,,SS,
kondoke01,Gold Glove,2023,NL,,OF,
kuwahma01,Gold Glove,2023,AL,,OF,
mannach01,Gold Glove,2023,NL,,OF,
miyazto01,Gold Glove,2023,AL,,3B,
muneyu01,Gold Glove,2023,NL,,3B,
nakamak01,Gold Glove,2023,NL,,1B,
nakamsh03,Gold Glove,2023,NL,,2B,
nakanta01,Gold Glove,2023,AL,,2B,
ohyamyu01,Gold Glove,2023,AL,,1B,
okabayu01,Gold Glove,2023,AL,,OF,
sakamse01,Gold Glove,2023,AL,,C,
tatsury01,Gold Glove,2023,NL,,OF,
wakatke01,Gold Glove,2023,NL,,C,
yamamyo01,Gold Glove,2023,NL,,P,
muraksh02,MVP,2023,AL,,,
yamamyo01,MVP,2023,NL,,,
muraksh02,Rookie of the Year,2023,AL,,,
yamassh01,Rookie of the Year,2023,NL,,,
asamuhi01,Silver Slugger,2023,NL,,2B,
azumaka01,Silver Slugger,2023,AL,,P,
chikako01,Silver Slugger,2023,AL,,OF,
kinamse01,Silver Slugger,2023,AL,,SS,
kondoke01,Silver Slugger,2023,NL,,OF,
kurebko01,Silver Slugger,2023,NL,,SS,
makish01,Silver Slugger,2023,AL,,2B,
mannach01,Silver Slugger,2023,NL,,OF,
miyazto01,Silver Slugger,2023,AL,,3B,
morito01,Silver Slugger,2023,NL,,C,
muneyu01,Silver Slugger,2023,NL,,3B,
nishiry03,Silver Slugger,2023,AL,,OF,
ohshita01,Silver Slugger,2023,AL,,C,
ohyamyu01,Silver Slugger,2023,AL,,1B,
okabayu01,Silver Slugger,2023,AL,,OF,
polangr01,Silver Slugger,2023,NL,,OF,
tonguyu01,Silver Slugger,2023,NL,,1B,
yamamyo01,Silver Slugger,2023,NL,,P,
yanagyu02,Silver Slugger,2023,NL,,OF,
akiyash01,Gold Glove,2024,AL,,OF,
chikako01,Gold Glove,2024,AL,,OF,
gendaso01,Gold Glove,2024,NL,,SS,
kaita01,Gold Glove,2024,NL,,C,
kobukhi01,Gold Glove,2024,NL,,2B,
kurihry01,Gold Glove,2024,NL,,3B,
mannach01,Gold Glove,2024,NL,,OF,
moineli01,Gold Glove,2024,NL,,P,
okabayu01,Gold Glove,2024,AL,,OF,
okamoka01,Gold Glove,2024,AL,,1B,
sakamha02,Gold Glove,2024,AL,,3B,
shutouk01,Gold Glove,2024,NL,,OF,
suganto01,Gold Glove,2024,AL,,P,
tatsury01,Gold Glove,2024,NL,,OF,
yamakho01,Gold Glove,2024,NL,,1B,
yamamyu01,Gold Glove,2024,AL,,C,
yanoma01,Gold Glove,2024,AL,,SS,
yoshina01,Gold Glove,2024,AL,,2B,
kondoke01,MVP,2024,NL,,,
suganto01,MVP,2024,AL,,,
funabhi01,Rookie of the Year,2024,AL,,,
takeuna01,Rookie of the Year,2024,NL,,,
arihako01,Silver Slugger,2024,NL,,P,
chikako01,Silver Slugger,2024,AL,,OF,
hosokse01,Silver Slugger,2024,AL,,OF,
imamike01,Silver Slugger,2024,NL,,SS,
kobukhi01,Silver Slugger,2024,NL,,2B,
kondoke01,Silver Slugger,2024,NL,,OF,
kurihry01,Silver Slugger,2024,NL,,3B,
murakmu01,Silver Slugger,2024,AL,,3B,
nagaohi01,Silver Slugger,2024,AL,,SS,
okamoka01,Silver Slugger,2024,AL,,1B,
reyesfr01,Silver Slugger,2024,NL,,1B,
santado01,Silver Slugger,2024,AL,,OF,
satohto02,Silver Slugger,2024,NL,,C,
shutouk01,Silver Slugger,2024,NL,,OF,
suganto01,Silver Slugger,2024,AL,,P,
tatsury01,Silver Slugger,2024,NL,,OF,
yamakho01,Silver Slugger,2024,NL,,1B,
yamamyu01,Silver Slugger,2024,AL,,C,
yoshina01,Silver Slugger,2024,AL,,2B,
itohhi01,Cy Young Award,2025,NL,,,
chikako01,Gold Glove,2025,AL,,OF,
itohhi01,Gold Glove,2025,NL,,P,
izuguyu01,Gold Glove,2025,AL,,SS,
kurebko01,Gold Glove,2025,NL,,SS,
makihta01,Gold Glove,2025,NL,,2B,
morissh01,Gold Glove,2025,AL,,OF,
murabit01,Gold Glove,2025,NL,,3B,
muraksh02,Gold Glove,2025,AL,,P,
nakanta01,Gold Glove,2025,AL,,2B,
nevinty01,Gold Glove,2025,NL,,1B,
nishima02,Gold Glove,2025,NL,,OF,
ohyamyu01,Gold Glove,2025,AL,,1B,
okabayu01,Gold Glove,2025,AL,,OF,
sakamse01,Gold Glove,2025,AL,,C,
satote01,Gold Glove,2025,AL,,3B,
shutouk01,Gold Glove,2025,NL,,OF,
tatsury01,Gold Glove,2025,NL,,OF,
wakatke01,Gold Glove,2025,NL,,C,
moineli01,MVP,2025,NL,,,
satote01,MVP,2025,AL,,,
nishimi01,Rookie of the Year,2025,NL,,,
shojiko02,Rookie of the Year,2025,AL,,,
chikako01,Silver Slugger,2025,AL,,OF,
izuguyu01,Silver Slugger,2025,AL,,SS,
makihta01,Silver Slugger,2025,NL,,2B,
moineli01,Silver Slugger,2025,NL,,P,
morissh01,Silver Slugger,2025,AL,,OF,
muneyru01,Silver Slugger,2025,NL,,SS,
murabit01,Silver Slugger,2025,NL,,3B,
muraksh02,Silver Slugger,2025,AL,,P,
nakagke01,Silver Slugger,2025,NL,,OF,
nakanta01,Silver Slugger,2025,AL,,2B,
nevinty01,Silver Slugger,2025,NL,,1B,
ohyamyu01,Silver Slugger,2025,AL,,1B,
okabayu01,Silver Slugger,2025,AL,,OF,
reyesfr01,Silver Slugger,2025,NL,,1B,
sakamse01,Silver Slugger,2025,AL,,C,
satote01,Silver Slugger,2025,AL,,3B,
shutouk01,Silver Slugger,2025,NL,,OF,
wakatke01,Silver Slugger,2025,NL,,C,
yanagta02,Silver Slugger,2025,NL,,OF,
