playerID,yearID,teamID,lgID,inseason,G,W,L,rank,plyrMgr
nemotha01,1939,CHD,,1,91,38,53,6,
okadage01,1939,CHD,,2,92,36,56,7,
morish06,1939,EGL,AL,1,94,29,65,,
yamasmi01,1939,HKB,,1,94,58,36,3,
takadka01,1939,LIO,,1,91,33,58,8,
takasyo01,1939,NKH,,1,90,40,50,5,
ishimts01,1939,OST,AL,1,93,63,30,2,
karithi01,1939,TKS,AL,1,87,49,38,4,
fujimat01,1939,YMG,,1,92,66,26,1,
konishi01,1940,CHD,,1,99,58,41,5,
ishimts01,1940,CHD,,2,97,34,63,7,
yamawko01,1940,EGL,,1,100,46,54,6,
yamasmi01,1940,HKB,,1,99,61,38,3,
matsuke07,1940,HNT,,1,101,64,37,2,
takadka01,1940,LIO,,1,100,24,76,,
takasyo01,1940,NKH,,1,99,28,71,8,
karithi01,1940,TKS,,1,95,56,39,4,
fujimat01,1940,YMG,,1,104,76,28,1,
takeuyo02,1941,ASH,,1,84,25,59,8,
konishi01,1941,CHD,,1,84,37,47,6,
sugitma01,1941,EGL,,1,84,28,56,7,
inokato01,1941,HKB,,1,84,53,31,2,
matsuke07,1941,HNT,,1,84,41,43,5,
mitayha01,1941,NKH,,1,84,43,41,4,
karithi01,1941,TYW,,1,84,47,37,3,
fujimat01,1941,YMG,,1,84,62,22,1,
takeuyo02,1942,ASH,,1,99,49,50,4,
hondach01,1942,CHD,,1,99,39,60,7,
terauka01,1942,EGL,,1,95,27,68,8,
inokato01,1942,HKB,,1,99,49,50,4,
wakabta02,1942,HNT,,1,100,52,48,3,
mitayha01,1942,NKH,,1,105,49,56,6,
ishimts01,1942,TYW,,1,99,60,39,2,
fujimat01,1942,YMG,,1,100,73,27,1,
takeuyo02,1943,ASH,,1,77,41,36,3,
masuka01,1943,CHD,,1,77,48,29,2,
karithi01,1943,EGL,,1,78,35,43,6,
nishima08,1943,HKB,,1,82,31,51,7,
wakabta02,1943,HNT,,1,77,41,36,3,
takadka01,1943,NKH,,1,82,26,56,8,
ishimts01,1943,NSL,,1,76,39,37,5,
nakajha02,1943,YMG,,1,81,54,27,1,
tsubomi01,1944,ASH,,1,136,4,132,5,
nishima08,1944,HKB,,1,118,2,116,3,
wakabta02,1944,HNT,,1,53,1,52,1,
katoki01,1944,KGR,,1,131,5,126,6,
miyakso01,1944,SNG,,1,158,6,152,4,
fujimhi02,1944,YMG,,1,107,3,104,2,
takeuyo02,1946,CHD,,1,102,42,60,7,
tsubomi01,1946,DES,NL,1,103,43,60,6,
nishima08,1946,HKB,,1,103,51,52,4,
yamamka11,1946,KGR,NL,1,103,65,38,1,
fujimfu01,1946,OST,AL,1,105,59,46,3,
fujimat01,1946,SKR,AL,1,102,42,60,7,
yokozsa01,1946,TKS,AL,1,105,47,58,5,
fujimhi02,1946,YMG,,1,103,64,39,2,
sugiuki01,1947,CHD,AL,1,117,67,50,2,
tsubomi01,1947,DES,NL,1,115,41,74,8,
nishima08,1947,HKB,NL,1,115,58,57,4,
yamamka11,1947,NKH,NL,1,114,59,55,3,
wakabta02,1947,OST,AL,1,116,79,37,1,
fujimat01,1947,SKR,AL,1,114,50,64,7,
karithi01,1947,TKF,NL,1,116,51,65,6,
nakajha02,1947,YMG,AL,1,115,56,59,5,
sugiuki01,1948,CHD,AL,1,135,52,83,8,
fujimat01,1948,DES,NL,1,133,60,73,7,
hamazsh01,1948,HKB,NL,1,134,66,68,4,
yamamka11,1948,NKH,NL,1,136,87,49,1,
wakabta02,1948,OST,AL,1,136,70,66,3,
hasegsh01,1948,SKR,AL,1,135,61,74,6,
karithi01,1948,TKF,NL,1,129,59,70,5,
miharos01,1948,YMG,AL,1,138,83,55,2,
amachsh01,1949,CHD,AL,1,134,66,68,5,
fujimat01,1949,DES,NL,1,132,67,65,3,
hamazsh01,1949,HKB,NL,1,133,69,64,2,
yamamka11,1949,NKH,NL,1,134,67,67,4,
wakabta02,1949,OST,AL,1,134,65,69,6,
ishimts01,1949,SKR,AL,1,133,52,81,8,
inokato01,1949,TKF,NL,1,137,64,73,7,
miharos01,1949,YMG,AL,1,133,85,48,1,
amachsh01,1950,CHD,AL,1,133,89,44,2,
fujimat01,1950,DES,NL,1,116,62,54,3,
hamazsh01,1950,HKB,NL,1,118,54,64,4,
ishimts01,1950,HRC,AL,1,137,41,96,8,
nishima01,1950,KKS,AL,1,136,42,94,7,
fujitry01,1950,KNP,NL,1,116,44,72,7,
yuasayo02,1950,MNO,NL,1,115,81,34,1,
yamamka11,1950,NKH,NL,1,115,66,49,2,
kojimto01,1950,NNP,NL,1,133,50,83,6,
miyazka04,1950,NSC,NL,1,118,51,67,5,
matsuke07,1950,OST,AL,1,137,70,67,4,
konishi01,1950,SKR,AL,1,133,98,35,1,
andoyu01,1950,TKF,NL,1,120,51,69,6,
nakajha02,1950,TYW,AL,1,137,69,68,5,
mizuhsh01,1950,YMG,AL,1,136,82,54,3,
tsubomi01,1951,CHD,AL,1,110,62,48,2,
fujimat01,1951,DES,NL,1,93,41,52,4,
hamazsh01,1951,HKB,NL,1,88,37,51,5,
ishimts01,1951,HRC,AL,1,96,32,64,7,
nishima01,1951,KKS,AL,1,105,46,59,5,
fujitry01,1951,KNP,NL,1,93,37,56,7,
yuasayo02,1951,MNO,NL,1,105,54,51,3,
yamamka11,1951,NKH,NL,1,96,72,24,1,
miharos01,1951,NSL,NL,1,95,53,42,2,
matsuke07,1951,OST,AL,1,113,61,52,3,
nittage01,1951,SKR,AL,1,110,53,57,4,
andoyu01,1951,TKF,NL,1,94,38,56,6,
nakajha02,1951,TYW,AL,1,104,40,64,6,
mizuhsh01,1951,YMG,AL,1,108,79,29,1,
tsubomi01,1952,CHD,AL,1,118,75,43,3,
fujimat01,1952,DES,NL,1,120,55,65,4,
hamazsh01,1952,HKB,NL,1,107,49,58,5,
ishimts01,1952,HRC,AL,1,117,37,80,6,
nishima01,1952,KKS,AL,1,120,50,70,5,
fujitry01,1952,KNP,NL,1,108,30,78,7,
yuasayo02,1952,MNO,NL,1,120,75,45,2,
yamamka11,1952,NKH,NL,1,120,76,44,1,
miharta01,1952,NSL,NL,1,119,67,52,3,
matsuke07,1952,OST,AL,1,119,79,40,2,
nittage01,1952,SKR,AL,1,118,34,84,7,
inokato01,1952,TKF,NL,1,108,49,59,6,
konishi01,1952,TYW,AL,1,120,58,62,4,
mizuhsh01,1952,YMG,AL,1,120,83,37,1,
tsubomi01,1953,CHD,AL,1,127,70,57,3,
fujimat01,1953,DES,NL,1,116,63,53,3,
hamazsh01,1953,HKB,NL,1,119,67,52,2,
ishimts01,1953,HRC,AL,1,128,53,75,4,
nishima01,1953,KKS,AL,1,124,45,79,6,
akutata01,1953,KNP,NL,1,117,48,69,7,
wakabta02,1953,MNO,NL,1,118,56,62,5,
yamamka11,1953,NKH,NL,1,119,71,48,1,
miharta01,1953,NSL,NL,1,118,57,61,4,
matsuke07,1953,OST,AL,1,130,74,56,2,
inokato01,1953,TKF,NL,1,117,50,67,6,
konishi01,1953,TYW,,1,129,52,77,5,
mizuhsh01,1953,YMG,AL,1,124,87,37,1,
amachsh01,1954,CHD,AL,1,126,86,40,1,
fujimat01,1954,DES,NL,1,135,43,92,8,
nishima08,1954,HKB,NL,1,136,66,70,5,
shiraka03,1954,HRC,AL,1,125,56,69,4,
fujitso02,1954,KKS,AL,1,128,55,73,5,
akutata01,1954,KNP,NL,1,137,74,63,4,
bettoka01,1954,MNO,NL,1,136,79,57,3,
yamamka11,1954,NKH,NL,1,140,91,49,2,
miharta01,1954,NSL,NL,1,137,90,47,1,
matsuke07,1954,OST,AL,1,128,71,57,3,
hamazsh01,1954,TKU,NL,1,137,53,84,6,
inokato01,1954,TOF,NL,1,138,52,86,7,
nagasfu01,1954,TYW,,1,128,32,96,6,
mizuhsh01,1954,YMG,AL,1,129,82,47,2,
nogucak01,1955,CHD,AL,1,129,77,52,2,
fujimat01,1955,DES,NL,1,140,53,87,6,
nishima08,1955,HKB,NL,1,140,80,60,4,
shiraka03,1955,HRC,AL,1,128,58,70,4,
fujitso02,1955,KKS,AL,1,128,57,71,5,
akutata01,1955,KNP,NL,1,140,60,80,5,
bettoka01,1955,MNO,NL,1,140,85,55,3,
yamamka11,1955,NKH,NL,1,140,99,41,1,
miharta01,1955,NSL,NL,1,140,90,50,2,
kishiju01,1955,OST,AL,1,128,71,57,3,
hamazsh01,1955,TKU,NL,1,140,42,98,8,
yasuiko01,1955,TOF,NL,1,140,51,89,7,
fujiiis01,1955,TYW,AL,1,130,31,99,6,
mizuhsh01,1955,YMG,AL,1,129,92,37,1,
nogucak01,1956,CHD,AL,1,130,74,56,3,
fujimat01,1956,DES,NL,1,97,94,3,7,
nishima08,1956,HKB,NL,1,66,64,2,3,
shiraka03,1956,HRC,AL,1,127,45,82,5,
unomi01,1956,KKS,AL,1,126,61,65,4,
akutata01,1956,KNP,NL,1,86,82,4,5,
bettoka01,1956,MNO,NL,1,70,66,4,4,
yamamka11,1956,NKH,NL,1,58,52,6,2,
miharta01,1956,NSL,NL,1,58,51,7,1,
fujimfu01,1956,OST,AL,1,129,79,50,2,
kasahka01,1956,TKU,NL,1,102,98,4,8,
iwamoyo02,1956,TOF,NL,1,96,92,4,6,
sakohma01,1956,TYW,AL,1,130,43,87,6,
mizuhsh01,1956,YMG,AL,1,126,82,44,1,
amachsh01,1957,CHD,AL,1,127,70,57,3,
fujimat01,1957,HKB,NL,1,126,71,55,4,
shiraka03,1957,HRC,AL,1,129,54,75,5,
unomi01,1957,KKS,AL,1,126,58,68,4,
akutata01,1957,KNP,NL,1,126,44,82,6,
bettoka01,1957,MNO,NL,1,127,75,52,3,
yamamka11,1957,NKH,NL,1,131,78,53,2,
miharta01,1957,NSL,NL,1,127,83,44,1,
fujimfu01,1957,OST,AL,1,127,73,54,2,
matsuke07,1957,TKU,NL,1,130,41,89,7,
iwamoyo02,1957,TOF,NL,1,129,56,73,5,
sakohma01,1957,TYW,AL,1,126,52,74,6,
mizuhsh01,1957,YMG,AL,1,127,74,53,1,
amachsh01,1958,CHD,AL,1,125,66,59,3,
fujimat01,1958,HKB,NL,1,124,73,51,3,
shiraka03,1958,HRC,AL,1,122,54,68,5,
unomi01,1958,KKS,AL,1,126,58,68,4,
katohya01,1958,KNP,NL,1,126,29,97,6,
yamamka11,1958,NKH,NL,1,125,77,48,2,
miharta01,1958,NSL,NL,1,125,78,47,1,
tanakyo03,1958,OST,AL,1,130,72,58,2,
iwamoyo02,1958,TOF,NL,1,127,57,70,5,
sakohma01,1958,TYW,AL,1,124,51,73,6,
mizuhsh01,1958,YMG,AL,1,129,77,52,1,
sugissh01,1959,CHD,AL,1,125,64,61,2,
fujimat01,1959,HKB,NL,1,130,48,82,5,
shiraka03,1959,HRC,AL,1,123,59,64,5,
unomi01,1959,KKS,AL,1,128,63,65,4,
chibash01,1959,KNB,NL,1,130,39,91,6,
tsurush01,1959,NKH,NL,1,130,88,42,1,
miharta01,1959,NSL,NL,1,130,66,64,4,
tanakyo03,1959,OST,AL,1,121,62,59,2,
iwamoyo02,1959,TOF,NL,1,130,67,63,3,
morish06,1959,TYW,AL,1,126,49,77,6,
mizuhsh01,1959,YMG,AL,1,125,77,48,1,
sugissh01,1960,CHD,AL,1,130,63,67,5,
tokurka01,1960,HKB,NL,1,130,65,65,4,
shiraka03,1960,HRC,AL,1,123,62,61,4,
unomi01,1960,KKS,AL,1,126,54,72,6,
chibash01,1960,KNB,NL,1,130,43,87,6,
tsurush01,1960,NKH,NL,1,130,78,52,2,
kawasto02,1960,NSL,NL,1,130,70,60,3,
kanedma03,1960,OST,AL,1,126,64,62,3,
iwamoyo02,1960,TOF,NL,1,130,52,78,5,
miharta01,1960,TYW,AL,1,126,70,56,1,
mizuhsh01,1960,YMG,AL,1,127,66,61,2,
noninwa01,1961,CHD,AL,1,128,72,56,2,
tokurka01,1961,HKB,NL,1,137,53,84,5,
kanedma03,1961,HNT,AL,1,127,60,67,4,
monzema01,1961,HRC,AL,1,125,58,67,5,
sunaoku01,1961,KKS,AL,1,127,67,60,3,
chibash01,1961,KNB,NL,1,139,36,103,6,
tsurush01,1961,NKH,NL,1,134,85,49,1,
kawasto02,1961,NSL,NL,1,137,81,56,3,
mizuhsh01,1961,TOF,NL,1,135,83,52,2,
miharta01,1961,TYW,AL,1,125,50,75,6,
kawakte01,1961,YMG,AL,1,124,71,53,1,
noninwa01,1962,CHD,AL,1,130,70,60,3,
tokurka01,1962,HKB,NL,1,130,60,70,4,
fujimat01,1962,HNT,AL,1,130,75,55,1,
monzema01,1962,HRC,AL,1,130,56,74,5,
sunaoku01,1962,KKS,AL,1,130,51,79,6,
bettoka01,1962,KNB,NL,1,130,57,73,6,
tsurush01,1962,NKH,NL,1,130,73,57,2,
nakanfu01,1962,NSL,NL,1,130,62,68,3,
mizuhsh01,1962,TOF,NL,1,130,78,52,1,
miharta01,1962,TYW,AL,1,130,71,59,2,
kawakte01,1962,YMG,AL,1,130,67,63,4,
sugiuki01,1963,CHD,AL,1,137,80,57,2,
nishiyu07,1963,HKB,NL,1,149,57,92,6,
fujimat01,1963,HNT,AL,1,139,69,70,3,
shiraka03,1963,HRC,AL,1,138,58,80,6,
hamazsh01,1963,KKS,AL,1,138,65,73,4,
bettoka01,1963,KNB,NL,1,147,74,73,4,
tsurush01,1963,NKH,NL,1,146,85,61,2,
nakanfu01,1963,NSL,NL,1,146,86,60,1,
mizuhsh01,1963,TOF,NL,1,147,76,71,3,
miharta01,1963,TYW,AL,1,138,59,79,5,
kawakte01,1963,YMG,AL,1,138,83,55,1,
sugiuki01,1964,CHD,AL,1,140,57,83,6,
nishiyu07,1964,HKB,NL,1,144,79,65,2,
fujimat01,1964,HNT,AL,1,136,80,56,1,
shiraka03,1964,HRC,AL,1,137,64,73,4,
hayasgi01,1964,KKS,AL,1,135,61,74,5,
bettoka01,1964,KNB,NL,1,146,55,91,6,
tsurush01,1964,NKH,NL,1,147,84,63,1,
nakanfu01,1964,NSL,NL,1,144,63,81,5,
hondoya01,1964,TKO,NL,1,145,77,68,4,
mizuhsh01,1964,TOF,NL,1,146,78,68,3,
miharta01,1964,TYW,AL,1,138,80,58,2,
kawakte01,1964,YMG,AL,1,140,71,69,3,
nishimi07,1965,CHD,AL,1,136,77,59,2,
nishiyu07,1965,HKB,NL,1,138,67,71,4,
fujimat01,1965,HNT,AL,1,137,71,66,3,
shiraka03,1965,HRC,AL,1,136,59,77,5,
iwamoyo02,1965,KNB,NL,1,138,46,92,6,
tsurush01,1965,NKH,NL,1,137,88,49,1,
nakanfu01,1965,NSL,NL,1,136,72,64,3,
hayasgi01,1965,SKS,AL,1,135,44,91,6,
hondoya01,1965,TKO,NL,1,136,62,74,5,
mizuhsh01,1965,TOF,NL,1,137,76,61,2,
miharta01,1965,TYW,AL,1,138,68,70,4,
kawakte01,1965,YMG,AL,1,138,91,47,1,
nishimi07,1966,CHD,AL,1,130,76,54,2,
nishiyu07,1966,HKB,NL,1,130,57,73,5,
sugissh01,1966,HNT,AL,1,130,64,66,3,
hasegry02,1966,HRC,AL,1,130,57,73,4,
iwamoyo02,1966,KNB,NL,1,130,48,82,6,
tsurush01,1966,NKH,NL,1,130,79,51,1,
nakanfu01,1966,NSL,NL,1,130,75,55,2,
iidato01,1966,SKA,AL,1,130,52,78,5,
tamarhi01,1966,TKO,NL,1,130,61,69,4,
mizuhsh01,1966,TOF,NL,1,130,70,60,3,
miharta01,1966,TYW,AL,1,130,52,78,5,
kawakte01,1966,YMG,AL,1,130,89,41,1,
nishimi07,1967,CHD,AL,1,130,72,58,2,
nishiyu07,1967,HKB,NL,1,130,75,55,1,
fujimat01,1967,HNT,AL,1,130,70,60,3,
hasegry02,1967,HRC,AL,1,130,47,83,6,
kodamak01,1967,KNB,NL,1,130,59,71,6,
tsurush01,1967,NKH,NL,1,130,64,66,4,
nakanfu01,1967,NSL,NL,1,130,66,64,2,
iidato01,1967,SKA,AL,1,130,58,72,5,
tokurka01,1967,TKO,NL,1,130,61,69,5,
mizuhsh01,1967,TOF,NL,1,130,65,65,3,
miharta01,1967,TYW,AL,1,130,59,71,4,
kawakte01,1967,YMG,AL,1,130,84,46,1,
sugissh01,1968,CHD,AL,1,130,50,80,6,
nishiyu07,1968,HKB,NL,1,130,80,50,1,
fujimat01,1968,HNT,AL,1,130,72,58,2,
nemotri01,1968,HRC,AL,1,130,68,62,3,
miharta01,1968,KNB,NL,1,130,57,73,4,
tsurush01,1968,NKH,NL,1,130,79,51,2,
nakanfu01,1968,NSL,NL,1,130,56,74,5,
besshta01,1968,SKA,AL,1,130,64,66,4,
noninwa01,1968,TKO,NL,1,130,67,63,3,
oshithi01,1968,TOF,NL,1,130,51,79,6,
bettoka01,1968,TYW,AL,1,130,59,71,5,
kawakte01,1968,YMG,AL,1,130,77,53,1,
besshta01,1969,ATM,AL,1,127,58,69,5,
mizuhsh01,1969,CHD,AL,1,124,59,65,4,
nishiyu07,1969,HKB,NL,1,126,76,50,1,
gotots01,1969,HNT,AL,1,127,68,59,2,
nemotri01,1969,HRC,AL,1,126,56,70,6,
miharta01,1969,KNB,NL,1,124,73,51,2,
noninwa01,1969,LTO,NL,1,123,69,54,3,
iidato01,1969,NKH,NL,1,126,50,76,6,
nakanfu01,1969,NSL,NL,1,126,51,75,5,
matsuke07,1969,TOF,NL,1,127,57,70,4,
bettoka01,1969,TYW,AL,1,122,61,61,3,
kawakte01,1969,YMG,AL,1,124,73,51,1,
mizuhsh01,1970,CHD,AL,1,125,55,70,5,
nishiyu07,1970,HKB,NL,1,128,64,64,4,
muraymi01,1970,HNT,AL,1,126,77,49,2,
nemotri01,1970,HRC,AL,1,122,62,60,4,
miharta01,1970,KNB,NL,1,124,65,59,3,
noninwa01,1970,LTO,NL,1,127,80,47,1,
nomurka03,1970,NKH,NL,1,126,69,57,2,
inaoka01,1970,NSL,NL,1,121,43,78,6,
matsuke07,1970,TOF,NL,1,124,54,70,5,
bettoka01,1970,TYW,AL,1,126,69,57,3,
besshta01,1970,YKA,AL,1,125,33,92,6,
kawakte01,1970,YMG,AL,1,126,79,47,1,
mizuhsh01,1971,CHD,AL,1,125,65,60,2,
nishiyu07,1971,HKB,NL,1,119,80,39,1,
muraymi01,1971,HNT,AL,1,121,57,64,5,
nemotri01,1971,HRC,AL,1,124,63,61,4,
iwamota02,1971,KNB,NL,1,125,65,60,3,
noninwa01,1971,LTO,NL,1,126,80,46,2,
nomurka03,1971,NKH,NL,1,126,61,65,4,
inaoka01,1971,NSL,NL,1,122,38,84,6,
tamiyke01,1971,TOF,NL,1,118,44,74,5,
bettoka01,1971,TYW,AL,1,120,61,59,3,
miharta01,1971,YKA,AL,1,124,52,72,6,
kawakte01,1971,YMG,AL,1,122,70,52,1,
yonamka01,1972,CHD,AL,1,126,67,59,3,
nishiyu07,1972,HKB,NL,1,128,80,48,1,
muraymi01,1972,HNT,AL,1,127,71,56,2,
nemotri01,1972,HRC,AL,1,124,49,75,6,
iwamota02,1972,KNB,NL,1,124,64,60,2,
osawake01,1972,LTO,NL,1,127,59,68,5,
nomurka03,1972,NKH,NL,1,126,65,61,3,
inaoka01,1972,NSL,NL,1,127,47,80,6,
tamiyke01,1972,TOF,NL,1,124,63,61,4,
bettoka01,1972,TYW,AL,1,126,57,69,5,
miharta01,1972,YKA,AL,1,127,60,67,4,
kawakte01,1972,YMG,AL,1,126,74,52,1,
yonamka01,1973,CHD,AL,1,125,64,61,3,
nishiyu07,1973,HKB,NL,1,125,77,48,2,
kanedma03,1973,HNT,AL,1,123,64,59,2,
bettoka01,1973,HRC,AL,1,127,60,67,6,
iwamota02,1973,KNB,NL,1,125,42,83,6,
inaoka01,1973,LIO,,1,123,59,64,4,
kanedma02,1973,LTO,NL,1,119,70,49,3,
nomurka03,1973,NKH,NL,1,126,68,58,1,
aotano01,1973,TYW,AL,1,124,60,64,5,
miharta01,1973,YKA,AL,1,127,62,65,4,
kawakte01,1973,YMG,AL,1,126,66,60,1,
yonamka01,1974,CHD,AL,1,119,70,49,1,
uedato01,1974,HKB,NL,1,120,69,51,2,
kanedma03,1974,HNT,AL,1,121,57,64,4,
morinka01,1974,HRC,AL,1,126,54,72,6,
nishiyu07,1974,KNB,NL,1,122,56,66,5,
inaoka01,1974,LIO,,1,123,59,64,4,
kanedma02,1974,LTO,NL,1,119,69,50,1,
nomurka03,1974,NKH,NL,1,114,59,55,3,
nakanfu01,1974,NPH,NL,1,124,49,75,6,
miyazta02,1974,TYW,AL,1,124,55,69,5,
arakahi02,1974,YKS,AL,1,123,60,63,3,
kawakte01,1974,YMG,AL,1,121,71,50,2,
yonamka01,1975,CHD,AL,1,122,69,53,2,
uedato01,1975,HKB,NL,1,123,64,59,1,
yoshiyo03,1975,HNT,AL,1,123,68,55,3,
lutzjo01,1975,HRC,AL,1,119,72,47,1,
nishiyu07,1975,KNB,NL,1,121,71,50,2,
etosh02,1975,LIO,,1,120,58,62,3,
kanedma02,1975,LTO,NL,1,124,59,65,4,
nomurka03,1975,NKH,NL,1,122,57,65,5,
nakanfu01,1975,NPH,NL,1,118,55,63,6,
akiyano01,1975,TYW,AL,1,120,51,69,5,
arakahi02,1975,YKS,AL,1,121,57,64,4,
nagassh02,1975,YMG,AL,1,123,47,76,6,
yonamka01,1976,CHD,AL,1,120,54,66,4,
uedato01,1976,HKB,NL,1,124,79,45,1,
yoshiyo03,1976,HNT,AL,1,117,72,45,2,
kobata01,1976,HRC,AL,1,119,61,58,3,
nishiyu07,1976,KNB,NL,1,123,57,66,4,
kitose01,1976,LIO,,1,120,44,76,6,
kanedma02,1976,LTO,NL,1,119,63,56,3,
nomurka03,1976,NKH,NL,1,127,71,56,2,
osawake01,1976,NPH,NL,1,119,52,67,5,
akiyano01,1976,TYW,AL,1,123,45,78,6,
arakahi02,1976,YKS,AL,1,120,52,68,5,
nagassh02,1976,YMG,AL,1,121,76,45,1,
yonamka01,1977,CHD,AL,1,125,64,61,3,
kitose01,1977,CRL,NL,1,122,49,73,6,
uedato01,1977,HKB,NL,1,120,69,51,1,
yoshiyo03,1977,HNT,AL,1,118,55,63,4,
kobata01,1977,HRC,AL,1,118,51,67,5,
nishiyu07,1977,KNB,NL,1,120,59,61,4,
kanedma02,1977,LTO,NL,1,117,60,57,3,
nomurka03,1977,NKH,NL,1,118,63,55,2,
osawake01,1977,NPH,NL,1,119,58,61,5,
bettoka01,1977,TYW,AL,1,119,51,68,6,
hiroota02,1977,YKS,AL,1,120,62,58,2,
nagassh02,1977,YMG,AL,1,126,80,46,1,
nakato01,1978,CHD,AL,1,124,53,71,5,
nemotri01,1978,CRL,NL,1,118,51,67,5,
uedato01,1978,HKB,NL,1,121,82,39,1,
gotots01,1978,HNT,AL,1,121,41,80,6,
kobata01,1978,HRC,AL,1,112,62,50,3,
nishiyu07,1978,KNB,NL,1,117,71,46,2,
kanedma02,1978,LTO,NL,1,115,53,62,4,
hirosyo02,1978,NKH,NL,1,119,42,77,6,
osawake01,1978,NPH,NL,1,118,55,63,3,
bettoka01,1978,TYW,,1,121,64,57,4,
hiroota02,1978,YKS,AL,1,114,68,46,1,
nagassh02,1978,YMG,AL,1,114,65,49,2,
nakato01,1979,CHD,AL,1,116,59,57,3,
kajimta02,1979,HKB,NL,1,119,75,44,2,
kobata01,1979,HRC,AL,1,117,67,50,1,
nishiyu07,1979,KNB,NL,1,119,74,45,1,
yamauka02,1979,LTO,NL,1,118,55,63,4,
hirosyo02,1979,NKH,NL,1,119,46,73,5,
osawake01,1979,NPH,NL,1,123,63,60,3,
nemotri01,1979,SBL,NL,1,118,45,73,6,
bettoka01,1979,TYW,,1,113,59,54,2,
hiroota02,1979,YKS,AL,1,117,48,69,6,
nagassh02,1979,YMG,AL,1,120,58,62,5,
nakato01,1980,CHD,AL,1,121,45,76,6,
kajimta02,1980,HKB,NL,1,125,58,67,5,
blazedo01,1980,HNT,AL,1,120,54,66,5,
kobata01,1980,HRC,AL,1,117,73,44,1,
nishiyu07,1980,KNB,NL,1,122,68,54,1,
yamauka02,1980,LTO,NL,1,115,64,51,2,
hirosyo02,1980,NKH,NL,1,125,48,77,6,
osawake01,1980,NPH,NL,1,119,66,53,3,
nemotri01,1980,SBL,NL,1,126,62,64,4,
doiki01,1980,TYW,,1,121,59,62,4,
takegsh01,1980,YKS,AL,1,120,68,52,2,
nagassh02,1980,YMG,AL,1,121,61,60,3,
kondosa01,1981,CHD,AL,1,123,58,65,5,
uedato01,1981,HKB,NL,1,126,68,58,2,
nakanfu01,1981,HNT,AL,1,125,67,58,3,
kobata01,1981,HRC,AL,1,121,67,54,2,
nishiyu07,1981,KNB,NL,1,126,54,72,6,
yamauka02,1981,LTO,NL,1,120,63,57,3,
osawake01,1981,NPH,NL,1,122,68,54,1,
nemotri01,1981,SBL,NL,1,122,61,61,4,
doiki01,1981,TYW,,1,122,42,80,6,
takegsh01,1981,YKS,AL,1,114,56,58,4,
fujitmo01,1981,YMG,AL,1,121,73,48,1,
kondosa01,1982,CHD,AL,1,111,64,47,1,
uedato01,1982,HKB,NL,1,122,62,60,4,
andomo02,1982,HNT,AL,1,122,65,57,3,
kobata01,1982,HRC,AL,1,117,59,58,4,
sekigse01,1982,KNB,NL,1,120,63,57,3,
yamamka08,1982,LTO,NL,1,123,54,69,5,
osawake01,1982,NPH,NL,1,119,67,52,2,
hiroota02,1982,SBL,NL,1,126,68,58,1,
sekinju01,1982,TYW,,1,118,53,65,5,
takegsh01,1982,YKS,AL,1,120,45,75,6,
fujitmo01,1982,YMG,AL,1,116,66,50,2,
kondosa01,1983,CHD,AL,1,123,54,69,5,
uedato01,1983,HKB,NL,1,122,67,55,2,
andomo02,1983,HNT,AL,1,125,62,63,4,
kobata01,1983,HRC,AL,1,120,65,55,2,
sekigse01,1983,KNB,NL,1,117,52,65,4,
yamamka08,1983,LTO,NL,1,119,43,76,6,
anabuyo01,1983,NKH,NL,1,121,52,69,5,
osawake01,1983,NPH,NL,1,123,64,59,3,
hiroota02,1983,SBL,NL,1,126,86,40,1,
sekinju01,1983,TYW,,1,122,61,61,3,
takegsh01,1983,YKS,AL,1,122,53,69,6,
fujitmo01,1983,YMG,AL,1,122,72,50,1,
yamauka02,1984,CHD,AL,1,122,73,49,2,
uedato01,1984,HKB,NL,1,120,75,45,1,
andomo02,1984,HNT,AL,1,122,53,69,4,
kobata01,1984,HRC,AL,1,120,75,45,1,
okamois01,1984,KNB,NL,1,119,58,61,4,
inaoka01,1984,LTO,NL,1,115,64,51,2,
anabuyo01,1984,NKH,NL,1,118,53,65,5,
uemuryo01,1984,NPH,NL,1,117,44,73,6,
hiroota02,1984,SBL,NL,1,123,62,61,3,
sekinju01,1984,TYW,,1,123,46,77,6,
takegsh01,1984,YKS,AL,1,122,51,71,5,
ohsa01,1984,YMG,AL,1,121,67,54,3,
yamauka02,1985,CHD,AL,1,117,56,61,5,
uedato01,1985,HKB,NL,1,125,64,61,4,
yoshiyo03,1985,HNT,AL,1,123,74,49,1,
kobata01,1985,HRC,AL,1,125,68,57,2,
okamois01,1985,KNB,NL,1,123,63,60,3,
inaoka01,1985,LTO,NL,1,124,64,60,2,
anabuyo01,1985,NKH,NL,1,120,44,76,6,
takadsh01,1985,NPH,NL,1,118,53,65,5,
hiroota02,1985,SBL,NL,1,124,79,45,1,
kondosa01,1985,TYW,,1,118,57,61,4,
dobasma01,1985,YKS,AL,1,120,46,74,6,
ohsa01,1985,YMG,AL,1,121,61,60,3,
yamauka02,1986,CHD,AL,1,121,54,67,5,
uedato01,1986,HKB,NL,1,120,63,57,3,
yoshiyo03,1986,HNT,AL,1,120,60,60,3,
ananju01,1986,HRC,AL,1,119,73,46,1,
okamois01,1986,KNB,NL,1,118,66,52,2,
inaoka01,1986,LTO,NL,1,121,57,64,4,
sugiuta01,1986,NKH,NL,1,122,49,73,6,
takadsh01,1986,NPH,NL,1,122,57,65,5,
morish01,1986,SBL,NL,1,117,68,49,1,
kondosa01,1986,TYW,,1,125,56,69,4,
dobasma01,1986,YKS,AL,1,126,49,77,6,
ohsa01,1986,YMG,AL,1,123,75,48,2,
hoshise01,1987,CHD,AL,1,119,68,51,2,
uedato01,1987,HKB,NL,1,120,64,56,2,
yoshiyo03,1987,HNT,AL,1,124,41,83,6,
ananju01,1987,HRC,AL,1,120,65,55,3,
okamois01,1987,KNB,NL,1,121,52,69,6,
aritomi01,1987,LTO,NL,1,116,51,65,5,
sugiuta01,1987,NKH,NL,1,120,57,63,4,
takadsh01,1987,NPH,NL,1,123,63,60,3,
morish01,1987,SBL,NL,1,116,71,45,1,
kobata01,1987,TYW,,1,124,56,68,5,
sekinju01,1987,YKS,AL,1,122,58,64,4,
ohsa01,1987,YMG,AL,1,119,76,43,1,
hoshise01,1988,CHD,AL,1,125,79,46,1,
uedato01,1988,HKB,NL,1,128,60,68,4,
muraymi01,1988,HNT,AL,1,128,51,77,6,
ananju01,1988,HRC,AL,1,127,65,62,3,
ogiak01,1988,KNB,NL,1,126,74,52,2,
aritomi01,1988,LTO,NL,1,128,54,74,6,
sugiuta01,1988,NKH,NL,1,129,58,71,5,
takadsh01,1988,NPH,NL,1,127,62,65,3,
morish01,1988,SBL,NL,1,124,73,51,1,
kobata01,1988,TYW,,1,126,59,67,4,
sekinju01,1988,YKS,AL,1,127,58,69,5,
ohsa01,1988,YMG,AL,1,127,68,59,2,
hoshise01,1989,CHD,AL,1,127,68,59,3,
sugiuta01,1989,DHH,NL,1,123,59,64,4,
muraymi01,1989,HNT,AL,1,129,54,75,5,
yamamko05,1989,HRC,AL,1,124,73,51,2,
ogiak01,1989,KNB,NL,1,125,71,54,1,
aritomi01,1989,LTO,NL,1,122,48,74,6,
kondosa01,1989,NPH,NL,1,127,54,73,5,
uedato01,1989,ORB,NL,1,127,72,55,2,
morish01,1989,SBL,NL,1,122,69,53,3,
kobata01,1989,TYW,,1,127,47,80,6,
sekinju01,1989,YKS,AL,1,127,55,72,4,
fujitmo01,1989,YMG,AL,1,128,84,44,1,
hoshise01,1990,CHD,AL,1,130,62,68,4,
tabucko01,1990,DHH,NL,1,126,41,85,6,
nakamka01,1990,HNT,AL,1,130,52,78,6,
yamamko05,1990,HRC,AL,1,130,66,64,2,
ogiak01,1990,KNB,NL,1,127,67,60,3,
kanedma02,1990,LTO,NL,1,128,57,71,5,
kondosa01,1990,NPH,NL,1,129,66,63,4,
uedato01,1990,ORB,NL,1,126,69,57,2,
morish01,1990,SBL,NL,1,126,81,45,1,
sudoyu01,1990,TYW,,1,130,64,66,3,
nomurka03,1990,YKS,AL,1,130,58,72,5,
fujitmo01,1990,YMG,AL,1,130,88,42,1,
hoshise01,1991,CHD,AL,1,130,71,59,2,
tabucko01,1991,DHH,NL,1,126,53,73,5,
nakamka01,1991,HNT,AL,1,130,48,82,6,
yamamko05,1991,HRC,AL,1,130,74,56,1,
ogiak01,1991,KNB,NL,1,125,77,48,2,
kanedma02,1991,LTO,NL,1,125,48,77,6,
kondosa01,1991,NPH,NL,1,125,53,72,4,
doish01,1991,OBW,NL,1,127,64,63,3,
morish01,1991,SBL,NL,1,124,81,43,1,
sudoyu01,1991,TYW,,1,130,64,66,5,
nomurka03,1991,YKS,AL,1,130,67,63,3,
fujitmo01,1991,YMG,AL,1,130,66,64,4,
takagmo01,1992,CHD,AL,1,130,60,70,6,
tabucko01,1992,DHH,NL,1,129,57,72,4,
nakamka01,1992,HNT,AL,1,130,67,63,2,
yamamko05,1992,HRC,AL,1,130,66,64,4,
ogiak01,1992,KNB,NL,1,124,74,50,2,
yagisso01,1992,LTM,NL,1,128,54,74,6,
dobasma01,1992,NPH,NL,1,127,54,73,5,
doish01,1992,OBW,NL,1,125,61,64,3,
morish01,1992,SBL,NL,1,127,80,47,1,
sudoyu01,1992,TYW,,1,130,61,69,5,
nomurka03,1992,YKS,AL,1,130,69,61,1,
fujitmo01,1992,YMG,AL,1,130,67,63,2,
takagmo01,1993,CHD,AL,1,130,73,57,2,
nemotri01,1993,DHH,NL,1,125,45,80,6,
nakamka01,1993,HNT,AL,1,130,63,67,4,
yamamko05,1993,HRC,AL,1,130,53,77,6,
suzukke05,1993,KNB,NL,1,125,66,59,4,
yagisso01,1993,LTM,NL,1,128,51,77,5,
osawake01,1993,NPH,NL,1,123,71,52,2,
doish01,1993,OBW,NL,1,126,70,56,3,
morish01,1993,SBL,NL,1,127,74,53,1,
kondoak01,1993,YBS,AL,1,130,57,73,5,
nomurka03,1993,YKS,AL,1,130,80,50,1,
nagassh02,1993,YMG,AL,1,130,64,66,3,
takagmo01,1994,CHD,AL,1,130,69,61,2,
nemotri01,1994,DHH,NL,1,129,69,60,4,
nakamka01,1994,HNT,AL,1,130,62,68,4,
mimurto01,1994,HRC,AL,1,130,66,64,3,
suzukke05,1994,KNB,NL,1,127,68,59,2,
yagisso01,1994,LTM,NL,1,128,55,73,5,
osawake01,1994,NPH,NL,1,125,46,79,6,
ogiak01,1994,OBW,NL,1,127,68,59,2,
morish01,1994,SBL,NL,1,128,76,52,1,
kondoak01,1994,YBS,AL,1,130,61,69,6,
nomurka03,1994,YKS,AL,1,130,62,68,4,
nagassh02,1994,YMG,AL,1,130,70,60,1,
takagmo01,1995,CHD,AL,1,130,50,80,5,
ohsa01,1995,DHH,NL,1,126,54,72,5,
nakamka01,1995,HNT,AL,1,130,46,84,6,
mimurto01,1995,HRC,AL,1,130,74,56,2,
suzukke05,1995,KNB,NL,1,127,49,78,6,
uedato01,1995,NPH,NL,1,127,59,68,4,
ogiak01,1995,OBW,NL,1,129,82,47,1,
higasos01,1995,SBL,NL,1,124,67,57,3,
kondoak01,1995,YBS,AL,1,130,66,64,4,
nomurka03,1995,YKS,AL,1,130,82,48,1,
nagassh02,1995,YMG,AL,1,130,72,58,3,
hoshise01,1996,CHD,AL,1,130,72,58,2,
ohsa01,1996,DHH,NL,1,128,54,74,6,
fujitta03,1996,HNT,AL,1,130,54,76,6,
mimurto01,1996,HRC,AL,1,130,71,59,3,
sasakky01,1996,KNB,NL,1,129,62,67,4,
ejiriak01,1996,LTM,NL,1,127,60,67,5,
uedato01,1996,NPH,NL,1,126,68,58,2,
ogiak01,1996,OBW,NL,1,124,74,50,1,
higasos01,1996,SBL,NL,1,126,62,64,3,
oyaak01,1996,YBS,AL,1,130,55,75,5,
nomurka03,1996,YKS,AL,1,130,61,69,4,
nagassh02,1996,YMG,AL,1,130,77,53,1,
hoshise01,1997,CHD,AL,1,135,59,76,6,
ohsa01,1997,DHH,NL,1,134,63,71,4,
yoshiyo03,1997,HNT,AL,1,135,62,73,5,
mimurto01,1997,HRC,AL,1,135,66,69,3,
sasakky01,1997,KNB,NL,1,131,68,63,3,
kondoak01,1997,LTM,NL,1,133,57,76,6,
uedato01,1997,NPH,NL,1,134,63,71,4,
ogiak01,1997,OBW,NL,1,132,71,61,2,
higasos01,1997,SBL,NL,1,132,76,56,1,
oyaak01,1997,YBS,AL,1,135,72,63,2,
nomurka03,1997,YKS,AL,1,135,83,52,1,
nagassh02,1997,YMG,AL,1,135,63,72,4,
hoshise01,1998,CHD,AL,1,135,75,60,2,
ohsa01,1998,DHH,NL,1,134,67,67,3,
yoshiyo03,1998,HNT,AL,1,135,52,83,6,
mimurto01,1998,HRC,AL,1,135,60,75,5,
sasakky01,1998,KNB,NL,1,133,66,67,5,
kondoak01,1998,LTM,NL,1,132,61,71,6,
uedato01,1998,NPH,NL,1,132,67,65,2,
ogiak01,1998,OBW,NL,1,132,66,66,3,
higasos01,1998,SBL,NL,1,131,70,61,1,
gondohi01,1998,YBS,AL,1,135,79,56,1,
nomurka03,1998,YKS,AL,1,135,66,69,4,
nagassh02,1998,YMG,AL,1,135,73,62,3,
hoshise01,1999,CHD,AL,1,135,81,54,1,
ohsa01,1999,DHH,NL,1,132,78,54,1,
nomurka03,1999,HNT,AL,1,135,55,80,6,
tatsumi01,1999,HRC,AL,1,135,57,78,5,
sasakky01,1999,KNB,,1,131,54,77,6,
yamamko04,1999,LTM,NL,1,133,63,70,4,
uedato01,1999,NPH,NL,1,133,60,73,5,
ogiak01,1999,OBW,NL,1,133,68,65,3,
higasos01,1999,SBL,NL,1,134,75,59,2,
gondohi01,1999,YBS,AL,1,135,71,64,3,
wakamts01,1999,YKS,AL,1,135,66,69,4,
nagassh02,1999,YMG,AL,1,135,75,60,2,
hoshise01,2000,CHD,AL,1,135,70,65,2,
ohsa01,2000,DHH,NL,1,133,73,60,1,
nomurka03,2000,HNT,AL,1,135,57,78,6,
tatsumi01,2000,HRC,AL,1,135,65,70,5,
nashima01,2000,KNB,,1,133,58,75,6,
yamamko04,2000,LTM,NL,1,129,62,67,5,
oshimya01,2000,NPH,NL,1,134,69,65,3,
ogiak01,2000,OBW,NL,1,131,64,67,4,
higasos01,2000,SBL,NL,1,130,69,61,2,
gondohi01,2000,YBS,AL,1,135,69,66,3,
wakamts01,2000,YKS,AL,1,135,66,69,4,
nagassh02,2000,YMG,AL,1,135,78,57,1,
hoshise01,2001,CHD,AL,1,136,62,74,5,
ohsa01,2001,DHH,NL,1,139,76,63,2,
nomurka03,2001,HNT,AL,1,137,57,80,6,
yamamko05,2001,HRC,AL,1,133,68,65,4,
nashima01,2001,KNB,,1,138,78,60,1,
yamamko04,2001,LTM,NL,1,138,64,74,5,
oshimya01,2001,NPH,NL,1,137,53,84,6,
ogiak01,2001,OBW,NL,1,136,70,66,4,
higasos01,2001,SBL,NL,1,140,73,67,3,
morish01,2001,YBS,AL,1,136,69,67,3,
wakamts01,2001,YKS,AL,1,134,76,58,1,
nagassh02,2001,YMG,AL,1,138,75,63,2,
yamadhi03,2002,CHD,AL,1,135,69,66,3,
ohsa01,2002,DHH,NL,1,138,73,65,2,
hoshise01,2002,HNT,AL,1,136,66,70,4,
yamamko05,2002,HRC,AL,1,136,64,72,5,
nashima01,2002,KNB,,1,138,73,65,2,
yamamko04,2002,LTM,NL,1,139,67,72,4,
oshimya01,2002,NPH,NL,1,137,61,76,5,
ishighi02,2002,OBW,NL,1,137,50,87,6,
iharaha01,2002,SBL,NL,1,139,90,49,1,
morish01,2002,YBS,AL,1,135,49,86,6,
wakamts01,2002,YKS,AL,1,136,74,62,2,
harata02,2002,YMG,AL,1,138,86,52,1,
yamadhi03,2003,CHD,AL,1,139,73,66,2,
ohsa01,2003,DHH,NL,1,137,82,55,1,
hoshise01,2003,HNT,AL,1,138,87,51,1,
yamamko05,2003,HRC,AL,1,138,67,71,5,
nashima01,2003,KNB,,1,138,74,64,3,
yamamko04,2003,LTM,NL,1,137,68,69,4,
ishighi02,2003,OBW,NL,1,136,48,88,6,
iharaha01,2003,SBL,NL,1,138,77,61,2,
yamasda01,2003,YBS,AL,1,139,45,94,6,
wakamts01,2003,YKS,AL,1,137,71,66,3,
harata02,2003,YMG,AL,1,137,71,66,3,
ochiahi01,2004,CHD,AL,1,135,79,56,1,
ohsa01,2004,DHH,NL,1,129,77,52,2,
okadaak02,2004,HNT,AL,1,136,66,70,4,
yamamko05,2004,HRC,AL,1,137,60,77,5,
nashima01,2004,KNB,,1,131,61,70,5,
valentbo01,2004,LTM,NL,1,130,65,65,4,
iharaha01,2004,OBW,NL,1,131,49,82,6,
itots01,2004,SBL,NL,1,132,74,58,1,
yamasda01,2004,YBS,AL,1,135,59,76,6,
wakamts01,2004,YKS,AL,1,136,72,64,2,
horiuts01,2004,YMG,AL,1,135,71,64,3,
ochiahi01,2005,CHD,AL,1,145,79,66,2,
okadaak02,2005,HNT,AL,1,141,87,54,1,
yamamko05,2005,HRC,AL,1,142,58,84,6,
hillmtr01,2005,NPH,NL,1,133,62,71,5,
ogiak01,2005,OBF,NL,1,132,62,70,4,
taoya01,2005,RKE,NL,1,135,38,97,6,
ohsa01,2005,SBH,NL,1,134,89,45,2,
itots01,2005,SBL,NL,1,136,67,69,3,
ushijka01,2005,YBS,AL,1,139,69,70,3,
wakamts01,2005,YKS,AL,1,144,71,73,4,
horiuts01,2005,YMG,AL,1,142,62,80,5,
ochiahi01,2006,CHD,AL,1,141,87,54,1,
okadaak02,2006,HNT,AL,1,142,84,58,2,
nakamka01,2006,OBF,NL,1,133,52,81,5,
nomurka03,2006,RKE,NL,1,132,47,85,6,
ohsa01,2006,SBH,NL,1,131,75,56,3,
itots01,2006,SBL,NL,1,134,80,54,2,
ushijka01,2006,YBS,AL,1,142,58,84,6,
furutat01,2006,YKS,AL,1,143,70,73,3,
harata02,2006,YMG,AL,1,144,65,79,4,
ochiahi01,2007,CHD,AL,1,142,78,64,2,
okadaak02,2007,HNT,AL,1,140,74,66,3,
nomurka03,2007,RKE,NL,1,142,67,75,4,
ohsa01,2007,SBH,NL,1,139,73,66,3,
itots01,2007,SBL,NL,1,142,66,76,5,
oyaak01,2007,YBS,AL,1,143,71,72,4,
furutat01,2007,YKS,AL,1,144,60,84,6,
harata02,2007,YMG,AL,1,143,80,63,1,
ochiahi01,2008,CHD,AL,1,139,71,68,3,
okadaak02,2008,HNT,AL,1,141,82,59,2,
nashima01,2008,NPH,NL,1,142,73,69,3,
collite01,2008,OBF,NL,1,143,75,68,2,
nomurka03,2008,RKE,NL,1,141,65,76,5,
ohsa01,2008,SBH,NL,1,141,64,77,6,
watanhi04,2008,SBL,NL,1,140,76,64,1,
oyaak01,2008,YBS,AL,1,142,48,94,6,
takadsh01,2008,YKS,AL,1,140,66,74,5,
harata02,2008,YMG,AL,1,141,84,57,1,
ochiahi01,2009,CHD,AL,1,143,81,62,2,
mayumak01,2009,HNT,AL,1,140,67,73,4,
nashima01,2009,NPH,NL,1,142,82,60,1,
oishida01,2009,OBF,NL,1,142,56,86,6,
nomurka03,2009,RKE,NL,1,143,77,66,2,
akiyako01,2009,SBH,NL,1,139,74,65,3,
watanhi04,2009,SBL,NL,1,140,70,70,4,
oyaak01,2009,YBS,AL,1,144,51,93,6,
takadsh01,2009,YKS,AL,1,143,71,72,3,
harata02,2009,YMG,AL,1,135,89,46,1,
ochiahi01,2010,CHD,AL,1,141,79,62,1,
mayumak01,2010,HNT,AL,1,141,78,63,2,
nomurke01,2010,HRC,AL,1,142,58,84,5,
nishino02,2010,LTM,NL,1,142,75,67,3,
nashima01,2010,NPH,NL,1,141,74,67,4,
okadaak02,2010,OBF,NL,1,140,69,71,5,
akiyako01,2010,SBH,NL,1,139,76,63,1,
watanhi04,2010,SBL,NL,1,143,78,65,2,
obanata01,2010,YBS,AL,1,143,48,95,6,
takadsh01,2010,YKS,AL,1,140,72,68,4,
harata02,2010,YMG,AL,1,143,79,64,3,
ochiahi01,2011,CHD,AL,1,134,75,59,1,
mayumak01,2011,HNT,AL,1,138,68,70,4,
nomurke01,2011,HRC,AL,1,136,60,76,5,
nishino02,2011,LTM,NL,1,133,54,79,6,
nashima01,2011,NPH,NL,1,137,72,65,2,
okadaak02,2011,OBF,NL,1,137,69,68,4,
hoshise01,2011,RKE,NL,1,137,66,71,5,
akiyako01,2011,SBH,NL,1,134,88,46,1,
watanhi04,2011,SBL,NL,1,135,68,67,3,
obanata01,2011,YBS,AL,1,133,47,86,6,
ogawaju01,2011,YKS,AL,1,129,70,59,2,
harata02,2011,YMG,AL,1,133,71,62,3,
takagmo01,2012,CHD,AL,1,128,75,53,2,
nakahki01,2012,DNB,AL,1,131,46,85,6,
wadayu01,2012,HNT,AL,1,130,55,75,5,
nomurke01,2012,HRC,AL,1,132,61,71,4,
nishino02,2012,LTM,NL,1,129,62,67,5,
kuriyhi01,2012,NPH,NL,1,133,74,59,1,
okadaak02,2012,OBF,NL,1,134,57,77,6,
hoshise01,2012,RKE,NL,1,134,67,67,4,
akiyako01,2012,SBH,NL,1,132,67,65,3,
watanhi04,2012,SBL,NL,1,135,72,63,2,
ogawaju01,2012,YKS,AL,1,133,68,65,3,
harata02,2012,YMG,AL,1,129,86,43,1,
takagmo01,2013,CHD,AL,1,141,64,77,4,
nakahki01,2013,DNB,AL,1,143,64,79,5,
wadayu01,2013,HNT,AL,1,140,73,67,2,
nomurke01,2013,HRC,AL,1,141,69,72,3,
itots01,2013,LTM,NL,1,142,74,68,3,
kuriyhi01,2013,NPH,NL,1,142,64,78,6,
moriwhi01,2013,OBF,NL,1,139,66,73,5,
hoshise01,2013,RKE,NL,1,141,82,59,1,
akiyako01,2013,SBH,NL,1,142,73,69,4,
watanhi04,2013,SBL,NL,1,140,74,66,2,
ogawaju01,2013,YKS,AL,1,140,57,83,6,
harata02,2013,YMG,AL,1,137,84,53,1,
tanismo01,2014,CHD,AL,1,140,67,73,4,
nakahki01,2014,DNB,AL,1,142,67,75,5,
wadayu01,2014,HNT,AL,1,143,75,68,2,
nomurke01,2014,HRC,AL,1,142,74,68,3,
itots01,2014,LTM,NL,1,142,66,76,4,
kuriyhi01,2014,NPH,NL,1,141,73,68,3,
moriwhi01,2014,OBF,NL,1,142,80,62,2,
hoshise01,2014,RKE,NL,1,144,64,80,6,
akiyako01,2014,SBH,NL,1,138,78,60,1,
iharaha01,2014,SBL,NL,1,140,63,77,5,
ogawaju01,2014,YKS,AL,1,141,60,81,6,
harata02,2014,YMG,AL,1,143,82,61,1,
tanismo01,2015,CHD,AL,1,139,62,77,5,
nakahki01,2015,DNB,AL,1,142,62,80,6,
wadayu01,2015,HNT,AL,1,141,70,71,3,
ogatako01,2015,HRC,AL,1,140,69,71,4,
itots01,2015,LTM,NL,1,142,73,69,3,
kuriyhi01,2015,NPH,NL,1,141,79,62,2,
moriwhi01,2015,OBF,NL,1,141,61,80,5,
okubohi02,2015,RKE,NL,1,140,57,83,6,
kudoki01,2015,SBH,NL,1,139,90,49,1,
tanabto01,2015,SBL,NL,1,138,69,69,4,
manakmi01,2015,YKS,AL,1,141,76,65,1,
harata02,2015,YMG,AL,1,142,75,67,2,
tanismo01,2016,CHD,AL,1,140,58,82,6,
kanemto01,2016,HNT,AL,1,140,64,76,4,
ogatako01,2016,HRC,AL,1,141,89,52,1,
itots01,2016,LTM,NL,1,140,72,68,3,
kuriyhi01,2016,NPH,NL,1,140,87,53,1,
fukurju01,2016,OBF,NL,1,140,57,83,6,
nashima01,2016,RKE,NL,1,140,62,78,5,
kudoki01,2016,SBH,NL,1,137,83,54,2,
tanabto01,2016,SBL,NL,1,140,64,76,4,
manakmi01,2016,YKS,AL,1,142,64,78,5,
takahyo01,2016,YMG,AL,1,140,71,69,2,
morish05,2017,CHD,AL,1,138,59,79,5,
kanemto01,2017,HNT,AL,1,139,78,61,2,
ogatako01,2017,HRC,AL,1,139,88,51,1,
itots01,2017,LTM,NL,1,141,54,87,6,
kuriyhi01,2017,NPH,NL,1,143,60,83,5,
fukurju01,2017,OBF,NL,1,142,63,79,4,
nashima01,2017,RKE,NL,1,140,77,63,3,
kudoki01,2017,SBH,NL,1,143,94,49,1,
tsujiha02,2017,SBL,NL,1,140,79,61,2,
manakmi01,2017,YKS,AL,1,141,45,96,6,
takahyo01,2017,YMG,AL,1,140,72,68,4,
morish05,2018,CHD,AL,1,141,63,78,5,
kanemto01,2018,HNT,AL,1,141,62,79,6,
ogatako01,2018,HRC,AL,1,141,82,59,1,
iguchta01,2018,LTM,NL,1,140,59,81,5,
kuriyhi01,2018,NPH,NL,1,140,74,66,3,
fukurju01,2018,OBF,NL,1,138,65,73,4,
nashima01,2018,RKE,NL,1,140,58,82,6,
kudoki01,2018,SBH,NL,1,142,82,60,2,
tsujiha02,2018,SBL,NL,1,141,88,53,1,
ogawaju01,2018,YKS,AL,1,141,75,66,2,
takahyo01,2018,YMG,AL,1,138,67,71,3,
yodats01,2019,CHD,AL,1,141,68,73,5,
yanoak01,2019,HNT,AL,1,137,69,68,3,
ogatako01,2019,HRC,AL,1,140,70,70,4,
iguchta01,2019,LTM,NL,1,139,69,70,4,
kuriyhi01,2019,NPH,NL,1,138,65,73,5,
nishino02,2019,OBF,NL,1,136,61,75,6,
hiraiyo01,2019,RKE,NL,1,139,71,68,3,
kudoki01,2019,SBH,NL,1,138,76,62,2,
tsujiha02,2019,SBL,NL,1,142,80,62,1,
ogawaju01,2019,YKS,AL,1,141,59,82,6,
harata02,2019,YMG,AL,1,141,77,64,1,
yodats01,2020,CHD,AL,1,115,60,55,3,
yanoak01,2020,HNT,AL,1,113,60,53,2,
sasaosh01,2020,HRC,AL,1,108,52,56,5,
iguchta01,2020,LTM,NL,1,117,60,57,2,
kuriyhi01,2020,NPH,NL,1,115,53,62,5,
nishino02,2020,OBF,NL,1,113,45,68,6,
mikiha01,2020,RKE,NL,1,112,55,57,4,
kudoki01,2020,SBH,NL,1,115,73,42,1,
tsujiha02,2020,SBL,NL,1,116,58,58,3,
takatsh01,2020,YKS,AL,1,110,41,69,6,
harata02,2020,YMG,AL,1,112,67,45,1,
yodats01,2021,CHD,AL,1,126,55,71,5,
miurada02,2021,DNB,AL,1,127,54,73,6,
yanoak01,2021,HNT,AL,1,133,77,56,2,
sasaosh01,2021,HRC,AL,1,131,63,68,4,
iguchta01,2021,LTM,NL,1,124,67,57,2,
kuriyhi01,2021,NPH,NL,1,123,55,68,5,
nakajsa01,2021,OBF,NL,1,125,70,55,1,
ishiika02,2021,RKE,NL,1,128,66,62,3,
kudoki01,2021,SBH,NL,1,122,60,62,4,
tsujiha02,2021,SBL,NL,1,125,55,70,6,
takatsh01,2021,YKS,AL,1,125,73,52,1,
harata02,2021,YMG,AL,1,123,61,62,3,
tatsuka01,2022,CHD,AL,1,141,66,75,6,
miurada02,2022,DNB,AL,1,141,73,68,2,
yanoak01,2022,HNT,AL,1,139,68,71,3,
sasaosh01,2022,HRC,AL,1,140,66,74,5,
iguchta01,2022,LTM,NL,1,142,69,73,5,
shinjts01,2022,NPH,NL,1,140,59,81,6,
nakajsa01,2022,OBF,NL,1,141,76,65,1,
ishiika02,2022,RKE,NL,1,140,69,71,4,
fujimhi01,2022,SBH,NL,1,141,76,65,2,
tsujiha02,2022,SBL,NL,1,140,72,68,3,
takatsh01,2022,YKS,AL,1,139,80,59,1,
harata02,2022,YMG,AL,1,140,68,72,4,
tatsuka01,2023,CHD,AL,1,138,56,82,6,
miurada02,2023,DNB,AL,1,140,74,66,3,
okadaak02,2023,HNT,AL,1,138,85,53,1,
araita01,2023,HRC,AL,1,139,74,65,2,
yoshima05,2023,LTM,NL,1,138,70,68,2,
shinjts01,2023,NPH,NL,1,142,60,82,6,
nakajsa01,2023,OBF,NL,1,139,86,53,1,
ishiika02,2023,RKE,NL,1,141,70,71,4,
fujimhi01,2023,SBH,NL,1,140,71,69,3,
matsuka02,2023,SBL,NL,1,142,65,77,5,
takatsh01,2023,YKS,AL,1,140,57,83,5,
harata02,2023,YMG,AL,1,141,71,70,4,
tatsuka01,2024,CHD,AL,1,135,60,75,6,
miurada02,2024,DNB,AL,1,140,71,69,3,
okadaak02,2024,HNT,AL,1,137,74,63,2,
araita01,2024,HRC,AL,1,138,68,70,4,
yoshima05,2024,LTM,NL,1,137,71,66,3,
shinjts01,2024,NPH,NL,1,135,75,60,2,
nakajsa01,2024,OBF,NL,1,140,63,77,5,
imaeto01,2024,RKE,NL,1,139,67,72,4,
kokubhi01,2024,SBH,NL,1,140,91,49,1,
matsuka02,2024,SBL,NL,1,140,49,91,6,
takatsh01,2024,YKS,AL,1,139,62,77,5,
abesh02,2024,YMG,AL,1,136,77,59,1,
inoeka01,2025,CHD,AL,1,141,63,78,4,
miurada02,2025,DNB,AL,1,137,71,66,2,
fujikky01,2025,HNT,AL,1,139,85,54,1,
araita01,2025,HRC,AL,1,138,59,79,5,
yoshima05,2025,LTM,NL,1,140,56,84,6,
shinjts01,2025,NPH,NL,1,140,83,57,2,
kishima01,2025,OBF,NL,1,140,74,66,3,
mikiha01,2025,RKE,NL,1,141,67,74,4,
kokubhi01,2025,SBH,NL,1,139,87,52,1,
nishifu01,2025,SBL,NL,1,140,63,77,5,
takatsh01,2025,YKS,AL,1,136,57,79,6,
abesh02,2025,YMG,AL,1,139,70,69,3,
